<?xml version="1.0" encoding="UTF-8"?>
<gpx version="1.1" creator="XploreMap" xmlns="http://www.topografix.com/GPX/1/1" xmlns:xsi="http://www.w3.org/2001/XMLSchema-instance" xsi:schemaLocation="http://www.topografix.com/GPX/1/1 http://www.topografix.com/GPX/1/1/gpx.xsd">
  <wpt lat="44.639863" lon="5.848884">
    <name>Départ</name>
    <type>start</type>
  </wpt>
  <wpt lat="44.649368" lon="5.795567">
    <name>Bivouac 1</name>
    <type>bivouac</type>
    <sym>Campground</sym>
  </wpt>
  <wpt lat="44.678831" lon="5.734991">
    <name>Bivouac 2</name>
    <type>bivouac</type>
    <sym>Campground</sym>
  </wpt>
  <wpt lat="44.639863" lon="5.848884">
    <name>Arrivée</name>
    <type>end</type>
    <ele>1242.1</ele>
  </wpt>
  <trk>
    <name>Départ → Bivouac 1</name>
    <extensions><color>#f8b40b</color></extensions>
    <number>0</number>
    <desc>SegmentIndex:0</desc>
    <trkseg>
      <trkpt lat="44.639863" lon="5.848884">
      </trkpt>
      <trkpt lat="44.639853" lon="5.848857">
        <ele>1242.1</ele>
      </trkpt>
      <trkpt lat="44.639814" lon="5.848883">
        <ele>1240.4</ele>
      </trkpt>
      <trkpt lat="44.639726" lon="5.848605">
        <ele>1239.9</ele>
      </trkpt>
      <trkpt lat="44.639673" lon="5.848472">
        <ele>1238.8</ele>
      </trkpt>
      <trkpt lat="44.639617" lon="5.848363">
        <ele>1237.4</ele>
      </trkpt>
      <trkpt lat="44.639459" lon="5.848118">
        <ele>1234.1</ele>
      </trkpt>
      <trkpt lat="44.639300" lon="5.847872">
        <ele>1231.0</ele>
      </trkpt>
      <trkpt lat="44.639241" lon="5.847785">
        <ele>1229.6</ele>
      </trkpt>
      <trkpt lat="44.639240" lon="5.847705">
        <ele>1229.4</ele>
      </trkpt>
      <trkpt lat="44.639256" lon="5.847589">
        <ele>1228.9</ele>
      </trkpt>
      <trkpt lat="44.639301" lon="5.847375">
        <ele>1226.0</ele>
      </trkpt>
      <trkpt lat="44.639352" lon="5.847288">
        <ele>1224.9</ele>
      </trkpt>
      <trkpt lat="44.639395" lon="5.847243">
        <ele>1224.9</ele>
      </trkpt>
      <trkpt lat="44.639589" lon="5.847187">
        <ele>1232.8</ele>
      </trkpt>
      <trkpt lat="44.639620" lon="5.847169">
        <ele>1234.4</ele>
      </trkpt>
      <trkpt lat="44.639640" lon="5.847140">
        <ele>1235.4</ele>
      </trkpt>
      <trkpt lat="44.639650" lon="5.847100">
        <ele>1235.4</ele>
      </trkpt>
      <trkpt lat="44.639645" lon="5.847058">
        <ele>1234.3</ele>
      </trkpt>
      <trkpt lat="44.639633" lon="5.847024">
        <ele>1232.8</ele>
      </trkpt>
      <trkpt lat="44.639613" lon="5.846996">
        <ele>1230.6</ele>
      </trkpt>
      <trkpt lat="44.639647" lon="5.846907">
        <ele>1231.6</ele>
      </trkpt>
      <trkpt lat="44.639688" lon="5.846775">
        <ele>1232.7</ele>
      </trkpt>
      <trkpt lat="44.639716" lon="5.846662">
        <ele>1232.9</ele>
      </trkpt>
      <trkpt lat="44.639735" lon="5.846524">
        <ele>1231.7</ele>
      </trkpt>
      <trkpt lat="44.639774" lon="5.846186">
        <ele>1227.9</ele>
      </trkpt>
      <trkpt lat="44.639797" lon="5.845860">
        <ele>1225.4</ele>
      </trkpt>
      <trkpt lat="44.639856" lon="5.845571">
        <ele>1230.0</ele>
      </trkpt>
      <trkpt lat="44.639840" lon="5.845468">
        <ele>1229.8</ele>
      </trkpt>
      <trkpt lat="44.639800" lon="5.845286">
        <ele>1230.1</ele>
      </trkpt>
      <trkpt lat="44.639791" lon="5.845240">
        <ele>1230.5</ele>
      </trkpt>
      <trkpt lat="44.639637" lon="5.844990">
        <ele>1228.8</ele>
      </trkpt>
      <trkpt lat="44.639579" lon="5.844579">
        <ele>1231.9</ele>
      </trkpt>
      <trkpt lat="44.639579" lon="5.844331">
        <ele>1232.9</ele>
      </trkpt>
      <trkpt lat="44.639566" lon="5.844137">
        <ele>1232.4</ele>
      </trkpt>
      <trkpt lat="44.639388" lon="5.843715">
        <ele>1231.1</ele>
      </trkpt>
      <trkpt lat="44.639230" lon="5.843292">
        <ele>1228.0</ele>
      </trkpt>
      <trkpt lat="44.639183" lon="5.843070">
        <ele>1227.8</ele>
      </trkpt>
      <trkpt lat="44.639109" lon="5.842493">
        <ele>1232.1</ele>
      </trkpt>
      <trkpt lat="44.639142" lon="5.842396">
        <ele>1234.2</ele>
      </trkpt>
      <trkpt lat="44.639220" lon="5.842283">
        <ele>1237.8</ele>
      </trkpt>
      <trkpt lat="44.639249" lon="5.842193">
        <ele>1237.6</ele>
      </trkpt>
      <trkpt lat="44.639253" lon="5.842081">
        <ele>1235.4</ele>
      </trkpt>
      <trkpt lat="44.639137" lon="5.841958">
        <ele>1230.3</ele>
      </trkpt>
      <trkpt lat="44.639048" lon="5.841844">
        <ele>1228.5</ele>
      </trkpt>
      <trkpt lat="44.638915" lon="5.841544">
        <ele>1227.7</ele>
      </trkpt>
      <trkpt lat="44.638877" lon="5.841393">
        <ele>1227.7</ele>
      </trkpt>
      <trkpt lat="44.638871" lon="5.841193">
        <ele>1229.0</ele>
      </trkpt>
      <trkpt lat="44.638889" lon="5.841010">
        <ele>1231.8</ele>
      </trkpt>
      <trkpt lat="44.638981" lon="5.840656">
        <ele>1236.4</ele>
      </trkpt>
      <trkpt lat="44.639053" lon="5.840302">
        <ele>1233.4</ele>
      </trkpt>
      <trkpt lat="44.639159" lon="5.840020">
        <ele>1235.8</ele>
      </trkpt>
      <trkpt lat="44.639266" lon="5.839739">
        <ele>1237.6</ele>
      </trkpt>
      <trkpt lat="44.639384" lon="5.839393">
        <ele>1238.3</ele>
      </trkpt>
      <trkpt lat="44.639443" lon="5.839241">
        <ele>1239.2</ele>
      </trkpt>
      <trkpt lat="44.639485" lon="5.839079">
        <ele>1239.4</ele>
      </trkpt>
      <trkpt lat="44.639564" lon="5.838559">
        <ele>1238.6</ele>
      </trkpt>
      <trkpt lat="44.639599" lon="5.838270">
        <ele>1236.2</ele>
      </trkpt>
      <trkpt lat="44.639670" lon="5.838076">
        <ele>1236.0</ele>
      </trkpt>
      <trkpt lat="44.639819" lon="5.837826">
        <ele>1237.8</ele>
      </trkpt>
      <trkpt lat="44.639874" lon="5.837423">
        <ele>1236.6</ele>
      </trkpt>
      <trkpt lat="44.639929" lon="5.837019">
        <ele>1239.6</ele>
      </trkpt>
      <trkpt lat="44.639989" lon="5.837216">
        <ele>1236.3</ele>
      </trkpt>
      <trkpt lat="44.639948" lon="5.837076">
        <ele>1238.4</ele>
      </trkpt>
      <trkpt lat="44.639929" lon="5.837019">
        <ele>1239.6</ele>
      </trkpt>
      <trkpt lat="44.639889" lon="5.837001">
        <ele>1239.9</ele>
      </trkpt>
      <trkpt lat="44.639898" lon="5.836955">
        <ele>1241.2</ele>
      </trkpt>
      <trkpt lat="44.639851" lon="5.836852">
        <ele>1244.2</ele>
      </trkpt>
      <trkpt lat="44.639750" lon="5.836728">
        <ele>1246.4</ele>
      </trkpt>
      <trkpt lat="44.639604" lon="5.836210">
        <ele>1255.1</ele>
      </trkpt>
      <trkpt lat="44.639608" lon="5.836361">
        <ele>1252.6</ele>
      </trkpt>
      <trkpt lat="44.639604" lon="5.836210">
        <ele>1255.1</ele>
      </trkpt>
      <trkpt lat="44.639635" lon="5.835906">
        <ele>1262.2</ele>
      </trkpt>
      <trkpt lat="44.639598" lon="5.835297">
        <ele>1271.9</ele>
      </trkpt>
      <trkpt lat="44.639592" lon="5.835235">
        <ele>1272.8</ele>
      </trkpt>
      <trkpt lat="44.639355" lon="5.834907">
        <ele>1274.2</ele>
      </trkpt>
      <trkpt lat="44.639277" lon="5.834840">
        <ele>1273.8</ele>
      </trkpt>
      <trkpt lat="44.639280" lon="5.834793">
        <ele>1275.4</ele>
      </trkpt>
      <trkpt lat="44.639528" lon="5.834809">
        <ele>1281.8</ele>
      </trkpt>
      <trkpt lat="44.639534" lon="5.834764">
        <ele>1283.3</ele>
      </trkpt>
      <trkpt lat="44.639387" lon="5.834593">
        <ele>1285.5</ele>
      </trkpt>
      <trkpt lat="44.639107" lon="5.834366">
        <ele>1292.3</ele>
      </trkpt>
      <trkpt lat="44.639045" lon="5.834258">
        <ele>1296.6</ele>
      </trkpt>
      <trkpt lat="44.638962" lon="5.834198">
        <ele>1298.0</ele>
      </trkpt>
      <trkpt lat="44.638802" lon="5.833688">
        <ele>1315.3</ele>
      </trkpt>
      <trkpt lat="44.638875" lon="5.833868">
        <ele>1309.0</ele>
      </trkpt>
      <trkpt lat="44.638802" lon="5.833688">
        <ele>1315.3</ele>
      </trkpt>
      <trkpt lat="44.638692" lon="5.833530">
        <ele>1321.8</ele>
      </trkpt>
      <trkpt lat="44.638561" lon="5.833515">
        <ele>1320.8</ele>
      </trkpt>
      <trkpt lat="44.638250" lon="5.833277">
        <ele>1327.8</ele>
      </trkpt>
      <trkpt lat="44.637895" lon="5.833283">
        <ele>1334.2</ele>
      </trkpt>
      <trkpt lat="44.637844" lon="5.833180">
        <ele>1335.8</ele>
      </trkpt>
      <trkpt lat="44.637832" lon="5.832992">
        <ele>1337.9</ele>
      </trkpt>
      <trkpt lat="44.637812" lon="5.832580">
        <ele>1342.2</ele>
      </trkpt>
      <trkpt lat="44.637670" lon="5.832178">
        <ele>1345.3</ele>
      </trkpt>
      <trkpt lat="44.637529" lon="5.831776">
        <ele>1354.9</ele>
      </trkpt>
      <trkpt lat="44.637533" lon="5.831382">
        <ele>1362.6</ele>
      </trkpt>
      <trkpt lat="44.637538" lon="5.830988">
        <ele>1367.0</ele>
      </trkpt>
      <trkpt lat="44.637501" lon="5.830815">
        <ele>1368.7</ele>
      </trkpt>
      <trkpt lat="44.637361" lon="5.830572">
        <ele>1370.9</ele>
      </trkpt>
      <trkpt lat="44.637162" lon="5.830273">
        <ele>1375.0</ele>
      </trkpt>
      <trkpt lat="44.636965" lon="5.830063">
        <ele>1378.2</ele>
      </trkpt>
      <trkpt lat="44.636694" lon="5.829734">
        <ele>1380.4</ele>
      </trkpt>
      <trkpt lat="44.636600" lon="5.829462">
        <ele>1381.0</ele>
      </trkpt>
      <trkpt lat="44.636647" lon="5.829293">
        <ele>1386.4</ele>
      </trkpt>
      <trkpt lat="44.636666" lon="5.828851">
        <ele>1390.5</ele>
      </trkpt>
      <trkpt lat="44.636598" lon="5.828950">
        <ele>1385.7</ele>
      </trkpt>
      <trkpt lat="44.636666" lon="5.828851">
        <ele>1390.5</ele>
      </trkpt>
      <trkpt lat="44.636713" lon="5.828792">
        <ele>1393.7</ele>
      </trkpt>
      <trkpt lat="44.636737" lon="5.828652">
        <ele>1395.5</ele>
      </trkpt>
      <trkpt lat="44.636739" lon="5.828511">
        <ele>1396.5</ele>
      </trkpt>
      <trkpt lat="44.636899" lon="5.828016">
        <ele>1405.1</ele>
      </trkpt>
      <trkpt lat="44.636940" lon="5.827874">
        <ele>1407.9</ele>
      </trkpt>
      <trkpt lat="44.636907" lon="5.827642">
        <ele>1409.4</ele>
      </trkpt>
      <trkpt lat="44.636774" lon="5.827107">
        <ele>1416.3</ele>
      </trkpt>
      <trkpt lat="44.636695" lon="5.826772">
        <ele>1422.8</ele>
      </trkpt>
      <trkpt lat="44.636668" lon="5.826729">
        <ele>1424.1</ele>
      </trkpt>
      <trkpt lat="44.636624" lon="5.826741">
        <ele>1425.3</ele>
      </trkpt>
      <trkpt lat="44.636533" lon="5.826959">
        <ele>1425.4</ele>
      </trkpt>
      <trkpt lat="44.636465" lon="5.827333">
        <ele>1422.6</ele>
      </trkpt>
      <trkpt lat="44.636284" lon="5.827630">
        <ele>1422.1</ele>
      </trkpt>
      <trkpt lat="44.636262" lon="5.827633">
        <ele>1422.3</ele>
      </trkpt>
      <trkpt lat="44.636202" lon="5.827601">
        <ele>1423.0</ele>
      </trkpt>
      <trkpt lat="44.636141" lon="5.827554">
        <ele>1422.4</ele>
      </trkpt>
      <trkpt lat="44.636087" lon="5.827405">
        <ele>1422.5</ele>
      </trkpt>
      <trkpt lat="44.636069" lon="5.827326">
        <ele>1422.7</ele>
      </trkpt>
      <trkpt lat="44.636027" lon="5.827178">
        <ele>1422.8</ele>
      </trkpt>
      <trkpt lat="44.636007" lon="5.827057">
        <ele>1423.6</ele>
      </trkpt>
      <trkpt lat="44.635993" lon="5.826918">
        <ele>1424.7</ele>
      </trkpt>
      <trkpt lat="44.636007" lon="5.826825">
        <ele>1426.0</ele>
      </trkpt>
      <trkpt lat="44.636029" lon="5.826740">
        <ele>1427.2</ele>
      </trkpt>
      <trkpt lat="44.636330" lon="5.826502">
        <ele>1436.8</ele>
      </trkpt>
      <trkpt lat="44.636136" lon="5.826626">
        <ele>1431.2</ele>
      </trkpt>
      <trkpt lat="44.636206" lon="5.826603">
        <ele>1433.2</ele>
      </trkpt>
      <trkpt lat="44.636294" lon="5.826651">
        <ele>1434.8</ele>
      </trkpt>
      <trkpt lat="44.636330" lon="5.826502">
        <ele>1436.8</ele>
      </trkpt>
      <trkpt lat="44.636391" lon="5.826246">
        <ele>1440.8</ele>
      </trkpt>
      <trkpt lat="44.636550" lon="5.825773">
        <ele>1450.4</ele>
      </trkpt>
      <trkpt lat="44.636710" lon="5.825299">
        <ele>1457.4</ele>
      </trkpt>
      <trkpt lat="44.636869" lon="5.824826">
        <ele>1462.9</ele>
      </trkpt>
      <trkpt lat="44.636904" lon="5.824341">
        <ele>1465.7</ele>
      </trkpt>
      <trkpt lat="44.636921" lon="5.823949">
        <ele>1466.5</ele>
      </trkpt>
      <trkpt lat="44.636938" lon="5.823557">
        <ele>1468.8</ele>
      </trkpt>
      <trkpt lat="44.636937" lon="5.823065">
        <ele>1469.3</ele>
      </trkpt>
      <trkpt lat="44.636956" lon="5.822606">
        <ele>1472.5</ele>
      </trkpt>
      <trkpt lat="44.636975" lon="5.822147">
        <ele>1477.1</ele>
      </trkpt>
      <trkpt lat="44.636967" lon="5.821815">
        <ele>1480.6</ele>
      </trkpt>
      <trkpt lat="44.636937" lon="5.821380">
        <ele>1484.7</ele>
      </trkpt>
      <trkpt lat="44.636848" lon="5.821118">
        <ele>1485.4</ele>
      </trkpt>
      <trkpt lat="44.636802" lon="5.820709">
        <ele>1488.5</ele>
      </trkpt>
      <trkpt lat="44.636821" lon="5.820160">
        <ele>1488.6</ele>
      </trkpt>
      <trkpt lat="44.636781" lon="5.819755">
        <ele>1490.9</ele>
      </trkpt>
      <trkpt lat="44.636760" lon="5.819633">
        <ele>1490.7</ele>
      </trkpt>
      <trkpt lat="44.636758" lon="5.819515">
        <ele>1491.0</ele>
      </trkpt>
      <trkpt lat="44.636809" lon="5.819408">
        <ele>1492.7</ele>
      </trkpt>
      <trkpt lat="44.636757" lon="5.819209">
        <ele>1494.0</ele>
      </trkpt>
      <trkpt lat="44.636686" lon="5.819141">
        <ele>1493.7</ele>
      </trkpt>
      <trkpt lat="44.636604" lon="5.818993">
        <ele>1493.2</ele>
      </trkpt>
      <trkpt lat="44.636600" lon="5.818887">
        <ele>1493.7</ele>
      </trkpt>
      <trkpt lat="44.636621" lon="5.818808">
        <ele>1494.6</ele>
      </trkpt>
      <trkpt lat="44.636616" lon="5.818630">
        <ele>1495.1</ele>
      </trkpt>
      <trkpt lat="44.636506" lon="5.818406">
        <ele>1495.9</ele>
      </trkpt>
      <trkpt lat="44.636416" lon="5.818322">
        <ele>1495.8</ele>
      </trkpt>
      <trkpt lat="44.636358" lon="5.818213">
        <ele>1496.5</ele>
      </trkpt>
      <trkpt lat="44.636243" lon="5.817805">
        <ele>1499.1</ele>
      </trkpt>
      <trkpt lat="44.636129" lon="5.817398">
        <ele>1504.0</ele>
      </trkpt>
      <trkpt lat="44.636037" lon="5.817216">
        <ele>1504.6</ele>
      </trkpt>
      <trkpt lat="44.636013" lon="5.817081">
        <ele>1505.7</ele>
      </trkpt>
      <trkpt lat="44.635821" lon="5.816720">
        <ele>1506.3</ele>
      </trkpt>
      <trkpt lat="44.635773" lon="5.816569">
        <ele>1507.5</ele>
      </trkpt>
      <trkpt lat="44.635755" lon="5.816135">
        <ele>1512.7</ele>
      </trkpt>
      <trkpt lat="44.635714" lon="5.816109">
        <ele>1512.8</ele>
      </trkpt>
      <trkpt lat="44.635675" lon="5.816149">
        <ele>1513.1</ele>
      </trkpt>
      <trkpt lat="44.635550" lon="5.816152">
        <ele>1515.1</ele>
      </trkpt>
      <trkpt lat="44.635430" lon="5.816093">
        <ele>1517.6</ele>
      </trkpt>
      <trkpt lat="44.635471" lon="5.816006">
        <ele>1519.3</ele>
      </trkpt>
      <trkpt lat="44.635431" lon="5.815893">
        <ele>1522.0</ele>
      </trkpt>
      <trkpt lat="44.635420" lon="5.815797">
        <ele>1524.3</ele>
      </trkpt>
      <trkpt lat="44.635364" lon="5.815568">
        <ele>1529.2</ele>
      </trkpt>
      <trkpt lat="44.635343" lon="5.815206">
        <ele>1536.7</ele>
      </trkpt>
      <trkpt lat="44.635374" lon="5.814757">
        <ele>1547.5</ele>
      </trkpt>
      <trkpt lat="44.635340" lon="5.814645">
        <ele>1549.6</ele>
      </trkpt>
      <trkpt lat="44.635362" lon="5.814308">
        <ele>1554.0</ele>
      </trkpt>
      <trkpt lat="44.635383" lon="5.813971">
        <ele>1557.4</ele>
      </trkpt>
      <trkpt lat="44.635500" lon="5.813489">
        <ele>1563.6</ele>
      </trkpt>
      <trkpt lat="44.635618" lon="5.813006">
        <ele>1573.6</ele>
      </trkpt>
      <trkpt lat="44.635735" lon="5.812524">
        <ele>1581.8</ele>
      </trkpt>
      <trkpt lat="44.635880" lon="5.812098">
        <ele>1587.5</ele>
      </trkpt>
      <trkpt lat="44.636026" lon="5.811672">
        <ele>1594.4</ele>
      </trkpt>
      <trkpt lat="44.636134" lon="5.811467">
        <ele>1598.5</ele>
      </trkpt>
      <trkpt lat="44.636242" lon="5.810934">
        <ele>1607.5</ele>
      </trkpt>
      <trkpt lat="44.636237" lon="5.810716">
        <ele>1610.5</ele>
      </trkpt>
      <trkpt lat="44.636110" lon="5.810370">
        <ele>1614.2</ele>
      </trkpt>
      <trkpt lat="44.636134" lon="5.810318">
        <ele>1615.3</ele>
      </trkpt>
      <trkpt lat="44.636063" lon="5.810269">
        <ele>1615.3</ele>
      </trkpt>
      <trkpt lat="44.636015" lon="5.810003">
        <ele>1619.2</ele>
      </trkpt>
      <trkpt lat="44.635877" lon="5.809811">
        <ele>1623.7</ele>
      </trkpt>
      <trkpt lat="44.635751" lon="5.809732">
        <ele>1625.3</ele>
      </trkpt>
      <trkpt lat="44.635737" lon="5.809219">
        <ele>1631.5</ele>
      </trkpt>
      <trkpt lat="44.635724" lon="5.808706">
        <ele>1638.7</ele>
      </trkpt>
      <trkpt lat="44.635746" lon="5.808623">
        <ele>1639.9</ele>
      </trkpt>
      <trkpt lat="44.635745" lon="5.808553">
        <ele>1639.9</ele>
      </trkpt>
      <trkpt lat="44.635872" lon="5.808246">
        <ele>1644.4</ele>
      </trkpt>
      <trkpt lat="44.635888" lon="5.808051">
        <ele>1645.3</ele>
      </trkpt>
      <trkpt lat="44.635870" lon="5.808019">
        <ele>1645.1</ele>
      </trkpt>
      <trkpt lat="44.635779" lon="5.807935">
        <ele>1646.7</ele>
      </trkpt>
      <trkpt lat="44.635627" lon="5.807903">
        <ele>1648.4</ele>
      </trkpt>
      <trkpt lat="44.635486" lon="5.807644">
        <ele>1653.1</ele>
      </trkpt>
      <trkpt lat="44.635438" lon="5.807508">
        <ele>1655.4</ele>
      </trkpt>
      <trkpt lat="44.635379" lon="5.807052">
        <ele>1664.7</ele>
      </trkpt>
      <trkpt lat="44.635589" lon="5.806969">
        <ele>1668.6</ele>
      </trkpt>
      <trkpt lat="44.635772" lon="5.806937">
        <ele>1672.5</ele>
      </trkpt>
      <trkpt lat="44.635890" lon="5.806937">
        <ele>1675.1</ele>
      </trkpt>
      <trkpt lat="44.635979" lon="5.806870">
        <ele>1678.4</ele>
      </trkpt>
      <trkpt lat="44.636098" lon="5.806905">
        <ele>1680.2</ele>
      </trkpt>
      <trkpt lat="44.636221" lon="5.806895">
        <ele>1683.4</ele>
      </trkpt>
      <trkpt lat="44.636388" lon="5.806796">
        <ele>1690.0</ele>
      </trkpt>
      <trkpt lat="44.636501" lon="5.806681">
        <ele>1693.7</ele>
      </trkpt>
      <trkpt lat="44.636650" lon="5.806322">
        <ele>1705.4</ele>
      </trkpt>
      <trkpt lat="44.636820" lon="5.806125">
        <ele>1713.7</ele>
      </trkpt>
      <trkpt lat="44.637241" lon="5.805998">
        <ele>1720.3</ele>
      </trkpt>
      <trkpt lat="44.637354" lon="5.805975">
        <ele>1721.4</ele>
      </trkpt>
      <trkpt lat="44.637485" lon="5.805927">
        <ele>1724.0</ele>
      </trkpt>
      <trkpt lat="44.637683" lon="5.805836">
        <ele>1729.2</ele>
      </trkpt>
      <trkpt lat="44.637828" lon="5.805867">
        <ele>1731.9</ele>
      </trkpt>
      <trkpt lat="44.637941" lon="5.805963">
        <ele>1734.1</ele>
      </trkpt>
      <trkpt lat="44.638042" lon="5.805942">
        <ele>1736.7</ele>
      </trkpt>
      <trkpt lat="44.638252" lon="5.805928">
        <ele>1742.5</ele>
      </trkpt>
      <trkpt lat="44.638369" lon="5.806021">
        <ele>1747.0</ele>
      </trkpt>
      <trkpt lat="44.638266" lon="5.806200">
        <ele>1749.3</ele>
      </trkpt>
      <trkpt lat="44.638177" lon="5.806575">
        <ele>1751.1</ele>
      </trkpt>
      <trkpt lat="44.638211" lon="5.806712">
        <ele>1751.2</ele>
      </trkpt>
      <trkpt lat="44.638269" lon="5.806768">
        <ele>1753.0</ele>
      </trkpt>
      <trkpt lat="44.638312" lon="5.806552">
        <ele>1756.6</ele>
      </trkpt>
      <trkpt lat="44.638386" lon="5.806443">
        <ele>1758.9</ele>
      </trkpt>
      <trkpt lat="44.638699" lon="5.806207">
        <ele>1768.0</ele>
      </trkpt>
      <trkpt lat="44.638811" lon="5.806085">
        <ele>1770.1</ele>
      </trkpt>
      <trkpt lat="44.638916" lon="5.806030">
        <ele>1772.8</ele>
      </trkpt>
      <trkpt lat="44.639004" lon="5.806026">
        <ele>1775.3</ele>
      </trkpt>
      <trkpt lat="44.639097" lon="5.806033">
        <ele>1777.4</ele>
      </trkpt>
      <trkpt lat="44.639091" lon="5.805867">
        <ele>1776.9</ele>
      </trkpt>
      <trkpt lat="44.639047" lon="5.805713">
        <ele>1776.9</ele>
      </trkpt>
      <trkpt lat="44.639078" lon="5.805482">
        <ele>1781.6</ele>
      </trkpt>
      <trkpt lat="44.639217" lon="5.805719">
        <ele>1784.7</ele>
      </trkpt>
      <trkpt lat="44.639309" lon="5.805918">
        <ele>1786.9</ele>
      </trkpt>
      <trkpt lat="44.639408" lon="5.806227">
        <ele>1791.9</ele>
      </trkpt>
      <trkpt lat="44.639500" lon="5.806376">
        <ele>1794.4</ele>
      </trkpt>
      <trkpt lat="44.639566" lon="5.806437">
        <ele>1795.0</ele>
      </trkpt>
      <trkpt lat="44.639776" lon="5.806455">
        <ele>1798.4</ele>
      </trkpt>
      <trkpt lat="44.639926" lon="5.806426">
        <ele>1801.5</ele>
      </trkpt>
      <trkpt lat="44.639994" lon="5.806360">
        <ele>1802.7</ele>
      </trkpt>
      <trkpt lat="44.640220" lon="5.806230">
        <ele>1807.4</ele>
      </trkpt>
      <trkpt lat="44.640447" lon="5.806101">
        <ele>1813.3</ele>
      </trkpt>
      <trkpt lat="44.640567" lon="5.805985">
        <ele>1818.3</ele>
      </trkpt>
      <trkpt lat="44.640577" lon="5.805955">
        <ele>1818.9</ele>
      </trkpt>
      <trkpt lat="44.640612" lon="5.805957">
        <ele>1820.1</ele>
      </trkpt>
      <trkpt lat="44.640688" lon="5.805892">
        <ele>1823.2</ele>
      </trkpt>
      <trkpt lat="44.640706" lon="5.805862">
        <ele>1824.1</ele>
      </trkpt>
      <trkpt lat="44.640689" lon="5.805734">
        <ele>1825.5</ele>
      </trkpt>
      <trkpt lat="44.640763" lon="5.805788">
        <ele>1826.5</ele>
      </trkpt>
      <trkpt lat="44.640810" lon="5.806207">
        <ele>1830.4</ele>
      </trkpt>
      <trkpt lat="44.640816" lon="5.806312">
        <ele>1832.3</ele>
      </trkpt>
      <trkpt lat="44.640758" lon="5.806464">
        <ele>1833.0</ele>
      </trkpt>
      <trkpt lat="44.640726" lon="5.806535">
        <ele>1833.1</ele>
      </trkpt>
      <trkpt lat="44.640743" lon="5.806610">
        <ele>1835.5</ele>
      </trkpt>
      <trkpt lat="44.640767" lon="5.806600">
        <ele>1836.3</ele>
      </trkpt>
      <trkpt lat="44.640775" lon="5.806551">
        <ele>1835.6</ele>
      </trkpt>
      <trkpt lat="44.641022" lon="5.806327">
        <ele>1841.9</ele>
      </trkpt>
      <trkpt lat="44.641241" lon="5.806074">
        <ele>1847.4</ele>
      </trkpt>
      <trkpt lat="44.641258" lon="5.806056">
        <ele>1848.0</ele>
      </trkpt>
      <trkpt lat="44.641299" lon="5.805812">
        <ele>1849.9</ele>
      </trkpt>
      <trkpt lat="44.641397" lon="5.805448">
        <ele>1854.9</ele>
      </trkpt>
      <trkpt lat="44.641420" lon="5.805307">
        <ele>1856.1</ele>
      </trkpt>
      <trkpt lat="44.641398" lon="5.805098">
        <ele>1857.8</ele>
      </trkpt>
      <trkpt lat="44.641421" lon="5.805074">
        <ele>1859.0</ele>
      </trkpt>
      <trkpt lat="44.641600" lon="5.805383">
        <ele>1864.7</ele>
      </trkpt>
      <trkpt lat="44.641607" lon="5.805470">
        <ele>1865.0</ele>
      </trkpt>
      <trkpt lat="44.641794" lon="5.806029">
        <ele>1873.0</ele>
      </trkpt>
      <trkpt lat="44.641839" lon="5.805785">
        <ele>1875.5</ele>
      </trkpt>
      <trkpt lat="44.641893" lon="5.805384">
        <ele>1879.7</ele>
      </trkpt>
      <trkpt lat="44.641940" lon="5.805209">
        <ele>1882.7</ele>
      </trkpt>
      <trkpt lat="44.641915" lon="5.805043">
        <ele>1882.6</ele>
      </trkpt>
      <trkpt lat="44.641926" lon="5.804928">
        <ele>1884.5</ele>
      </trkpt>
      <trkpt lat="44.641913" lon="5.804843">
        <ele>1884.8</ele>
      </trkpt>
      <trkpt lat="44.641915" lon="5.804758">
        <ele>1885.7</ele>
      </trkpt>
      <trkpt lat="44.641902" lon="5.804673">
        <ele>1885.7</ele>
      </trkpt>
      <trkpt lat="44.641962" lon="5.804440">
        <ele>1890.4</ele>
      </trkpt>
      <trkpt lat="44.641945" lon="5.804292">
        <ele>1891.9</ele>
      </trkpt>
      <trkpt lat="44.641775" lon="5.803944">
        <ele>1893.6</ele>
      </trkpt>
      <trkpt lat="44.641536" lon="5.803742">
        <ele>1897.2</ele>
      </trkpt>
      <trkpt lat="44.641526" lon="5.803653">
        <ele>1900.0</ele>
      </trkpt>
      <trkpt lat="44.641554" lon="5.803533">
        <ele>1904.5</ele>
      </trkpt>
      <trkpt lat="44.641647" lon="5.803548">
        <ele>1905.7</ele>
      </trkpt>
      <trkpt lat="44.641810" lon="5.803533">
        <ele>1910.1</ele>
      </trkpt>
      <trkpt lat="44.641961" lon="5.803497">
        <ele>1916.0</ele>
      </trkpt>
      <trkpt lat="44.642053" lon="5.803434">
        <ele>1920.0</ele>
      </trkpt>
      <trkpt lat="44.642091" lon="5.803420">
        <ele>1921.3</ele>
      </trkpt>
      <trkpt lat="44.642136" lon="5.803378">
        <ele>1922.1</ele>
      </trkpt>
      <trkpt lat="44.642148" lon="5.803464">
        <ele>1923.0</ele>
      </trkpt>
      <trkpt lat="44.642262" lon="5.803504">
        <ele>1925.2</ele>
      </trkpt>
      <trkpt lat="44.642307" lon="5.803571">
        <ele>1925.6</ele>
      </trkpt>
      <trkpt lat="44.642396" lon="5.803544">
        <ele>1927.6</ele>
      </trkpt>
      <trkpt lat="44.642534" lon="5.803634">
        <ele>1931.6</ele>
      </trkpt>
      <trkpt lat="44.642598" lon="5.803616">
        <ele>1933.9</ele>
      </trkpt>
      <trkpt lat="44.642755" lon="5.803680">
        <ele>1940.3</ele>
      </trkpt>
      <trkpt lat="44.642956" lon="5.803637">
        <ele>1948.3</ele>
      </trkpt>
      <trkpt lat="44.643238" lon="5.803459">
        <ele>1958.6</ele>
      </trkpt>
      <trkpt lat="44.643519" lon="5.803281">
        <ele>1970.0</ele>
      </trkpt>
      <trkpt lat="44.643651" lon="5.803273">
        <ele>1977.2</ele>
      </trkpt>
      <trkpt lat="44.643781" lon="5.803091">
        <ele>1981.3</ele>
      </trkpt>
      <trkpt lat="44.643800" lon="5.803032">
        <ele>1980.8</ele>
      </trkpt>
      <trkpt lat="44.643937" lon="5.802930">
        <ele>1983.8</ele>
      </trkpt>
      <trkpt lat="44.644023" lon="5.802935">
        <ele>1988.5</ele>
      </trkpt>
      <trkpt lat="44.644113" lon="5.802849">
        <ele>1989.0</ele>
      </trkpt>
      <trkpt lat="44.644376" lon="5.802728">
        <ele>1997.2</ele>
      </trkpt>
      <trkpt lat="44.644409" lon="5.802726">
        <ele>1998.5</ele>
      </trkpt>
      <trkpt lat="44.644733" lon="5.802428">
        <ele>2004.5</ele>
      </trkpt>
      <trkpt lat="44.644827" lon="5.802369">
        <ele>2007.4</ele>
      </trkpt>
      <trkpt lat="44.645143" lon="5.801924">
        <ele>2016.6</ele>
      </trkpt>
      <trkpt lat="44.645390" lon="5.801455">
        <ele>2027.3</ele>
      </trkpt>
      <trkpt lat="44.645502" lon="5.801307">
        <ele>2029.9</ele>
      </trkpt>
      <trkpt lat="44.645739" lon="5.801146">
        <ele>2039.2</ele>
      </trkpt>
      <trkpt lat="44.646006" lon="5.800840">
        <ele>2046.8</ele>
      </trkpt>
      <trkpt lat="44.646273" lon="5.800535">
        <ele>2052.2</ele>
      </trkpt>
      <trkpt lat="44.646546" lon="5.800148">
        <ele>2058.7</ele>
      </trkpt>
      <trkpt lat="44.646737" lon="5.799934">
        <ele>2063.4</ele>
      </trkpt>
      <trkpt lat="44.646902" lon="5.799462">
        <ele>2055.8</ele>
      </trkpt>
      <trkpt lat="44.647067" lon="5.798990">
        <ele>2053.7</ele>
      </trkpt>
      <trkpt lat="44.647326" lon="5.798482">
        <ele>2052.5</ele>
      </trkpt>
      <trkpt lat="44.647586" lon="5.797974">
        <ele>2060.8</ele>
      </trkpt>
      <trkpt lat="44.647846" lon="5.797466">
        <ele>2077.8</ele>
      </trkpt>
      <trkpt lat="44.648049" lon="5.797137">
        <ele>2095.7</ele>
      </trkpt>
      <trkpt lat="44.648253" lon="5.796808">
        <ele>2112.2</ele>
      </trkpt>
      <trkpt lat="44.648456" lon="5.796479">
        <ele>2128.1</ele>
      </trkpt>
      <trkpt lat="44.648760" lon="5.796175">
        <ele>2148.1</ele>
      </trkpt>
      <trkpt lat="44.649064" lon="5.795871">
        <ele>2160.5</ele>
      </trkpt>
      <trkpt lat="44.649368" lon="5.795567">
      </trkpt>
    </trkseg>
  </trk>
  <trk>
    <name>Bivouac 1 → Bivouac 2</name>
    <extensions><color>#5a8f7b</color></extensions>
    <number>1</number>
    <desc>SegmentIndex:1</desc>
    <trkseg>
      <trkpt lat="44.649368" lon="5.795567">
      </trkpt>
      <trkpt lat="44.649746" lon="5.795339">
        <ele>2166.0</ele>
      </trkpt>
      <trkpt lat="44.650124" lon="5.795111">
        <ele>2185.1</ele>
      </trkpt>
      <trkpt lat="44.650372" lon="5.794631">
        <ele>2194.4</ele>
      </trkpt>
      <trkpt lat="44.650620" lon="5.794151">
        <ele>2197.3</ele>
      </trkpt>
      <trkpt lat="44.650919" lon="5.793801">
        <ele>2204.2</ele>
      </trkpt>
      <trkpt lat="44.651218" lon="5.793451">
        <ele>2217.0</ele>
      </trkpt>
      <trkpt lat="44.651518" lon="5.793102">
        <ele>2232.8</ele>
      </trkpt>
      <trkpt lat="44.651817" lon="5.792752">
        <ele>2248.1</ele>
      </trkpt>
      <trkpt lat="44.652116" lon="5.792402">
        <ele>2270.5</ele>
      </trkpt>
      <trkpt lat="44.652435" lon="5.792083">
        <ele>2284.8</ele>
      </trkpt>
      <trkpt lat="44.652754" lon="5.791764">
        <ele>2302.9</ele>
      </trkpt>
      <trkpt lat="44.653073" lon="5.791445">
        <ele>2326.1</ele>
      </trkpt>
      <trkpt lat="44.653294" lon="5.791172">
        <ele>2341.4</ele>
      </trkpt>
      <trkpt lat="44.653515" lon="5.790899">
        <ele>2352.0</ele>
      </trkpt>
      <trkpt lat="44.653392" lon="5.791127">
        <ele>2346.2</ele>
      </trkpt>
      <trkpt lat="44.653073" lon="5.791445">
        <ele>2326.1</ele>
      </trkpt>
      <trkpt lat="44.652754" lon="5.791764">
        <ele>2302.9</ele>
      </trkpt>
      <trkpt lat="44.652435" lon="5.792083">
        <ele>2284.8</ele>
      </trkpt>
      <trkpt lat="44.652116" lon="5.792402">
        <ele>2270.5</ele>
      </trkpt>
      <trkpt lat="44.651817" lon="5.792752">
        <ele>2248.1</ele>
      </trkpt>
      <trkpt lat="44.651518" lon="5.793102">
        <ele>2232.8</ele>
      </trkpt>
      <trkpt lat="44.651218" lon="5.793451">
        <ele>2217.0</ele>
      </trkpt>
      <trkpt lat="44.650919" lon="5.793801">
        <ele>2204.2</ele>
      </trkpt>
      <trkpt lat="44.650620" lon="5.794151">
        <ele>2197.3</ele>
      </trkpt>
      <trkpt lat="44.650372" lon="5.794631">
        <ele>2194.4</ele>
      </trkpt>
      <trkpt lat="44.650124" lon="5.795111">
        <ele>2185.1</ele>
      </trkpt>
      <trkpt lat="44.649746" lon="5.795339">
        <ele>2166.0</ele>
      </trkpt>
      <trkpt lat="44.649368" lon="5.795567">
        <ele>2163.5</ele>
      </trkpt>
      <trkpt lat="44.649064" lon="5.795871">
        <ele>2160.5</ele>
      </trkpt>
      <trkpt lat="44.648760" lon="5.796175">
        <ele>2148.1</ele>
      </trkpt>
      <trkpt lat="44.648456" lon="5.796479">
        <ele>2128.1</ele>
      </trkpt>
      <trkpt lat="44.648253" lon="5.796808">
        <ele>2112.2</ele>
      </trkpt>
      <trkpt lat="44.648049" lon="5.797137">
        <ele>2095.7</ele>
      </trkpt>
      <trkpt lat="44.647846" lon="5.797466">
        <ele>2077.8</ele>
      </trkpt>
      <trkpt lat="44.647586" lon="5.797974">
        <ele>2060.8</ele>
      </trkpt>
      <trkpt lat="44.647326" lon="5.798482">
        <ele>2052.5</ele>
      </trkpt>
      <trkpt lat="44.647067" lon="5.798990">
        <ele>2053.7</ele>
      </trkpt>
      <trkpt lat="44.646902" lon="5.799462">
        <ele>2055.8</ele>
      </trkpt>
      <trkpt lat="44.646737" lon="5.799934">
        <ele>2063.4</ele>
      </trkpt>
      <trkpt lat="44.646546" lon="5.800148">
        <ele>2058.7</ele>
      </trkpt>
      <trkpt lat="44.646273" lon="5.800535">
        <ele>2052.2</ele>
      </trkpt>
      <trkpt lat="44.646006" lon="5.800840">
        <ele>2046.8</ele>
      </trkpt>
      <trkpt lat="44.645739" lon="5.801146">
        <ele>2039.2</ele>
      </trkpt>
      <trkpt lat="44.645502" lon="5.801307">
        <ele>2029.9</ele>
      </trkpt>
      <trkpt lat="44.645390" lon="5.801455">
        <ele>2027.3</ele>
      </trkpt>
      <trkpt lat="44.645143" lon="5.801924">
        <ele>2016.6</ele>
      </trkpt>
      <trkpt lat="44.644827" lon="5.802369">
        <ele>2007.4</ele>
      </trkpt>
      <trkpt lat="44.644733" lon="5.802428">
        <ele>2004.5</ele>
      </trkpt>
      <trkpt lat="44.644409" lon="5.802726">
        <ele>1998.5</ele>
      </trkpt>
      <trkpt lat="44.644376" lon="5.802728">
        <ele>1997.2</ele>
      </trkpt>
      <trkpt lat="44.644113" lon="5.802849">
        <ele>1989.0</ele>
      </trkpt>
      <trkpt lat="44.644023" lon="5.802935">
        <ele>1988.5</ele>
      </trkpt>
      <trkpt lat="44.643937" lon="5.802930">
        <ele>1983.8</ele>
      </trkpt>
      <trkpt lat="44.643800" lon="5.803032">
        <ele>1980.8</ele>
      </trkpt>
      <trkpt lat="44.643781" lon="5.803091">
        <ele>1981.3</ele>
      </trkpt>
      <trkpt lat="44.643651" lon="5.803273">
        <ele>1977.2</ele>
      </trkpt>
      <trkpt lat="44.643519" lon="5.803281">
        <ele>1970.0</ele>
      </trkpt>
      <trkpt lat="44.643238" lon="5.803459">
        <ele>1958.6</ele>
      </trkpt>
      <trkpt lat="44.642956" lon="5.803637">
        <ele>1948.3</ele>
      </trkpt>
      <trkpt lat="44.642755" lon="5.803680">
        <ele>1940.3</ele>
      </trkpt>
      <trkpt lat="44.642598" lon="5.803616">
        <ele>1933.9</ele>
      </trkpt>
      <trkpt lat="44.642534" lon="5.803634">
        <ele>1931.6</ele>
      </trkpt>
      <trkpt lat="44.642396" lon="5.803544">
        <ele>1927.6</ele>
      </trkpt>
      <trkpt lat="44.642307" lon="5.803571">
        <ele>1925.6</ele>
      </trkpt>
      <trkpt lat="44.642262" lon="5.803504">
        <ele>1925.2</ele>
      </trkpt>
      <trkpt lat="44.642148" lon="5.803464">
        <ele>1923.0</ele>
      </trkpt>
      <trkpt lat="44.642136" lon="5.803378">
        <ele>1922.1</ele>
      </trkpt>
      <trkpt lat="44.642091" lon="5.803420">
        <ele>1921.3</ele>
      </trkpt>
      <trkpt lat="44.642053" lon="5.803434">
        <ele>1920.0</ele>
      </trkpt>
      <trkpt lat="44.641961" lon="5.803497">
        <ele>1916.0</ele>
      </trkpt>
      <trkpt lat="44.641745" lon="5.803210">
        <ele>1906.0</ele>
      </trkpt>
      <trkpt lat="44.641647" lon="5.803548">
        <ele>1905.7</ele>
      </trkpt>
      <trkpt lat="44.641554" lon="5.803533">
        <ele>1904.5</ele>
      </trkpt>
      <trkpt lat="44.641632" lon="5.803439">
        <ele>1907.6</ele>
      </trkpt>
      <trkpt lat="44.641745" lon="5.803210">
        <ele>1906.0</ele>
      </trkpt>
      <trkpt lat="44.641862" lon="5.802878">
        <ele>1900.1</ele>
      </trkpt>
      <trkpt lat="44.641638" lon="5.803014">
        <ele>1904.1</ele>
      </trkpt>
      <trkpt lat="44.641642" lon="5.802913">
        <ele>1901.5</ele>
      </trkpt>
      <trkpt lat="44.641685" lon="5.802723">
        <ele>1893.9</ele>
      </trkpt>
      <trkpt lat="44.642009" lon="5.802412">
        <ele>1877.0</ele>
      </trkpt>
      <trkpt lat="44.641874" lon="5.802342">
        <ele>1872.9</ele>
      </trkpt>
      <trkpt lat="44.642080" lon="5.802158">
        <ele>1865.7</ele>
      </trkpt>
      <trkpt lat="44.642286" lon="5.801974">
        <ele>1863.0</ele>
      </trkpt>
      <trkpt lat="44.641959" lon="5.801904">
        <ele>1856.7</ele>
      </trkpt>
      <trkpt lat="44.641998" lon="5.801486">
        <ele>1844.7</ele>
      </trkpt>
      <trkpt lat="44.642037" lon="5.801068">
        <ele>1832.7</ele>
      </trkpt>
      <trkpt lat="44.642231" lon="5.801051">
        <ele>1833.1</ele>
      </trkpt>
      <trkpt lat="44.642277" lon="5.800908">
        <ele>1829.7</ele>
      </trkpt>
      <trkpt lat="44.642030" lon="5.800631">
        <ele>1821.4</ele>
      </trkpt>
      <trkpt lat="44.641853" lon="5.800402">
        <ele>1816.5</ele>
      </trkpt>
      <trkpt lat="44.641717" lon="5.800030">
        <ele>1808.2</ele>
      </trkpt>
      <trkpt lat="44.641637" lon="5.799917">
        <ele>1805.8</ele>
      </trkpt>
      <trkpt lat="44.641981" lon="5.799904">
        <ele>1805.6</ele>
      </trkpt>
      <trkpt lat="44.642356" lon="5.799854">
        <ele>1809.4</ele>
      </trkpt>
      <trkpt lat="44.642320" lon="5.799556">
        <ele>1802.3</ele>
      </trkpt>
      <trkpt lat="44.642384" lon="5.799277">
        <ele>1797.1</ele>
      </trkpt>
      <trkpt lat="44.642070" lon="5.799040">
        <ele>1787.3</ele>
      </trkpt>
      <trkpt lat="44.641797" lon="5.798985">
        <ele>1783.7</ele>
      </trkpt>
      <trkpt lat="44.641525" lon="5.798930">
        <ele>1780.9</ele>
      </trkpt>
      <trkpt lat="44.641425" lon="5.798874">
        <ele>1779.3</ele>
      </trkpt>
      <trkpt lat="44.641054" lon="5.798867">
        <ele>1774.6</ele>
      </trkpt>
      <trkpt lat="44.640813" lon="5.798737">
        <ele>1767.2</ele>
      </trkpt>
      <trkpt lat="44.640571" lon="5.798607">
        <ele>1765.8</ele>
      </trkpt>
      <trkpt lat="44.640574" lon="5.798691">
        <ele>1767.0</ele>
      </trkpt>
      <trkpt lat="44.640571" lon="5.798607">
        <ele>1765.8</ele>
      </trkpt>
      <trkpt lat="44.640564" lon="5.798395">
        <ele>1763.4</ele>
      </trkpt>
      <trkpt lat="44.640454" lon="5.798184">
        <ele>1760.8</ele>
      </trkpt>
      <trkpt lat="44.640169" lon="5.797847">
        <ele>1754.4</ele>
      </trkpt>
      <trkpt lat="44.639885" lon="5.797509">
        <ele>1745.9</ele>
      </trkpt>
      <trkpt lat="44.639600" lon="5.797171">
        <ele>1736.5</ele>
      </trkpt>
      <trkpt lat="44.639316" lon="5.796833">
        <ele>1730.9</ele>
      </trkpt>
      <trkpt lat="44.639648" lon="5.796722">
        <ele>1725.6</ele>
      </trkpt>
      <trkpt lat="44.639702" lon="5.796704">
        <ele>1724.9</ele>
      </trkpt>
      <trkpt lat="44.639992" lon="5.796507">
        <ele>1719.9</ele>
      </trkpt>
      <trkpt lat="44.639662" lon="5.796212">
        <ele>1715.4</ele>
      </trkpt>
      <trkpt lat="44.639422" lon="5.795719">
        <ele>1709.3</ele>
      </trkpt>
      <trkpt lat="44.639702" lon="5.795649">
        <ele>1706.4</ele>
      </trkpt>
      <trkpt lat="44.639872" lon="5.795339">
        <ele>1701.7</ele>
      </trkpt>
      <trkpt lat="44.639682" lon="5.794973">
        <ele>1697.8</ele>
      </trkpt>
      <trkpt lat="44.639922" lon="5.794875">
        <ele>1696.3</ele>
      </trkpt>
      <trkpt lat="44.640143" lon="5.795128">
        <ele>1699.6</ele>
      </trkpt>
      <trkpt lat="44.640293" lon="5.794621">
        <ele>1695.3</ele>
      </trkpt>
      <trkpt lat="44.640443" lon="5.794115">
        <ele>1690.5</ele>
      </trkpt>
      <trkpt lat="44.640316" lon="5.793653">
        <ele>1679.7</ele>
      </trkpt>
      <trkpt lat="44.639978" lon="5.793394">
        <ele>1671.4</ele>
      </trkpt>
      <trkpt lat="44.639988" lon="5.793005">
        <ele>1666.4</ele>
      </trkpt>
      <trkpt lat="44.640142" lon="5.793077">
        <ele>1668.7</ele>
      </trkpt>
      <trkpt lat="44.640223" lon="5.792746">
        <ele>1664.9</ele>
      </trkpt>
      <trkpt lat="44.640449" lon="5.792444">
        <ele>1663.9</ele>
      </trkpt>
      <trkpt lat="44.640674" lon="5.792142">
        <ele>1664.6</ele>
      </trkpt>
      <trkpt lat="44.640638" lon="5.791718">
        <ele>1657.8</ele>
      </trkpt>
      <trkpt lat="44.640602" lon="5.791293">
        <ele>1654.5</ele>
      </trkpt>
      <trkpt lat="44.640302" lon="5.791447">
        <ele>1650.1</ele>
      </trkpt>
      <trkpt lat="44.640002" lon="5.791600">
        <ele>1647.3</ele>
      </trkpt>
      <trkpt lat="44.639701" lon="5.791754">
        <ele>1645.5</ele>
      </trkpt>
      <trkpt lat="44.639548" lon="5.791595">
        <ele>1641.5</ele>
      </trkpt>
      <trkpt lat="44.639790" lon="5.791303">
        <ele>1639.0</ele>
      </trkpt>
      <trkpt lat="44.640032" lon="5.791010">
        <ele>1638.8</ele>
      </trkpt>
      <trkpt lat="44.640275" lon="5.790718">
        <ele>1637.9</ele>
      </trkpt>
      <trkpt lat="44.639921" lon="5.790790">
        <ele>1628.8</ele>
      </trkpt>
      <trkpt lat="44.639568" lon="5.790862">
        <ele>1619.9</ele>
      </trkpt>
      <trkpt lat="44.639374" lon="5.791049">
        <ele>1622.0</ele>
      </trkpt>
      <trkpt lat="44.639148" lon="5.790890">
        <ele>1611.5</ele>
      </trkpt>
      <trkpt lat="44.638867" lon="5.790926">
        <ele>1608.0</ele>
      </trkpt>
      <trkpt lat="44.638585" lon="5.790962">
        <ele>1603.5</ele>
      </trkpt>
      <trkpt lat="44.638278" lon="5.791135">
        <ele>1606.8</ele>
      </trkpt>
      <trkpt lat="44.638187" lon="5.790974">
        <ele>1600.8</ele>
      </trkpt>
      <trkpt lat="44.638205" lon="5.790759">
        <ele>1593.1</ele>
      </trkpt>
      <trkpt lat="44.638264" lon="5.790618">
        <ele>1589.2</ele>
      </trkpt>
      <trkpt lat="44.638323" lon="5.790475">
        <ele>1586.1</ele>
      </trkpt>
      <trkpt lat="44.638392" lon="5.790157">
        <ele>1581.2</ele>
      </trkpt>
      <trkpt lat="44.638530" lon="5.789880">
        <ele>1575.9</ele>
      </trkpt>
      <trkpt lat="44.638673" lon="5.789686">
        <ele>1571.8</ele>
      </trkpt>
      <trkpt lat="44.638860" lon="5.789506">
        <ele>1567.8</ele>
      </trkpt>
      <trkpt lat="44.639008" lon="5.789277">
        <ele>1563.4</ele>
      </trkpt>
      <trkpt lat="44.639195" lon="5.789056">
        <ele>1558.9</ele>
      </trkpt>
      <trkpt lat="44.639358" lon="5.788744">
        <ele>1552.6</ele>
      </trkpt>
      <trkpt lat="44.639599" lon="5.788440">
        <ele>1546.2</ele>
      </trkpt>
      <trkpt lat="44.639840" lon="5.788135">
        <ele>1540.2</ele>
      </trkpt>
      <trkpt lat="44.640131" lon="5.787754">
        <ele>1531.7</ele>
      </trkpt>
      <trkpt lat="44.640259" lon="5.787353">
        <ele>1522.4</ele>
      </trkpt>
      <trkpt lat="44.640368" lon="5.786785">
        <ele>1515.8</ele>
      </trkpt>
      <trkpt lat="44.640432" lon="5.786480">
        <ele>1511.9</ele>
      </trkpt>
      <trkpt lat="44.640382" lon="5.786245">
        <ele>1510.2</ele>
      </trkpt>
      <trkpt lat="44.640533" lon="5.785940">
        <ele>1504.0</ele>
      </trkpt>
      <trkpt lat="44.640683" lon="5.785636">
        <ele>1496.1</ele>
      </trkpt>
      <trkpt lat="44.640904" lon="5.785172">
        <ele>1488.8</ele>
      </trkpt>
      <trkpt lat="44.641131" lon="5.785006">
        <ele>1487.6</ele>
      </trkpt>
      <trkpt lat="44.641206" lon="5.784920">
        <ele>1487.0</ele>
      </trkpt>
      <trkpt lat="44.641187" lon="5.784782">
        <ele>1486.2</ele>
      </trkpt>
      <trkpt lat="44.641254" lon="5.784733">
        <ele>1485.7</ele>
      </trkpt>
      <trkpt lat="44.641288" lon="5.784834">
        <ele>1486.4</ele>
      </trkpt>
      <trkpt lat="44.641515" lon="5.784667">
        <ele>1485.3</ele>
      </trkpt>
      <trkpt lat="44.641648" lon="5.784486">
        <ele>1483.7</ele>
      </trkpt>
      <trkpt lat="44.641771" lon="5.784161">
        <ele>1479.3</ele>
      </trkpt>
      <trkpt lat="44.641890" lon="5.783940">
        <ele>1476.5</ele>
      </trkpt>
      <trkpt lat="44.642082" lon="5.783406">
        <ele>1468.3</ele>
      </trkpt>
      <trkpt lat="44.642225" lon="5.783005">
        <ele>1462.3</ele>
      </trkpt>
      <trkpt lat="44.642363" lon="5.782866">
        <ele>1461.4</ele>
      </trkpt>
      <trkpt lat="44.642449" lon="5.782636">
        <ele>1457.8</ele>
      </trkpt>
      <trkpt lat="44.642671" lon="5.782466">
        <ele>1460.1</ele>
      </trkpt>
      <trkpt lat="44.642837" lon="5.782182">
        <ele>1460.6</ele>
      </trkpt>
      <trkpt lat="44.643003" lon="5.781898">
        <ele>1463.0</ele>
      </trkpt>
      <trkpt lat="44.643133" lon="5.781599">
        <ele>1466.6</ele>
      </trkpt>
      <trkpt lat="44.643263" lon="5.781299">
        <ele>1472.2</ele>
      </trkpt>
      <trkpt lat="44.643222" lon="5.781166">
        <ele>1470.6</ele>
      </trkpt>
      <trkpt lat="44.643405" lon="5.780671">
        <ele>1478.7</ele>
      </trkpt>
      <trkpt lat="44.643574" lon="5.780413">
        <ele>1483.1</ele>
      </trkpt>
      <trkpt lat="44.643743" lon="5.780155">
        <ele>1485.2</ele>
      </trkpt>
      <trkpt lat="44.643804" lon="5.780039">
        <ele>1485.5</ele>
      </trkpt>
      <trkpt lat="44.644167" lon="5.779744">
        <ele>1492.0</ele>
      </trkpt>
      <trkpt lat="44.644331" lon="5.779452">
        <ele>1494.1</ele>
      </trkpt>
      <trkpt lat="44.644549" lon="5.779002">
        <ele>1487.4</ele>
      </trkpt>
      <trkpt lat="44.644754" lon="5.778904">
        <ele>1491.6</ele>
      </trkpt>
      <trkpt lat="44.645017" lon="5.778659">
        <ele>1495.3</ele>
      </trkpt>
      <trkpt lat="44.644939" lon="5.778736">
        <ele>1493.7</ele>
      </trkpt>
      <trkpt lat="44.645017" lon="5.778659">
        <ele>1495.3</ele>
      </trkpt>
      <trkpt lat="44.645024" lon="5.778506">
        <ele>1491.6</ele>
      </trkpt>
      <trkpt lat="44.645062" lon="5.778371">
        <ele>1492.6</ele>
      </trkpt>
      <trkpt lat="44.645342" lon="5.777882">
        <ele>1502.8</ele>
      </trkpt>
      <trkpt lat="44.645509" lon="5.777704">
        <ele>1507.5</ele>
      </trkpt>
      <trkpt lat="44.645650" lon="5.777339">
        <ele>1504.4</ele>
      </trkpt>
      <trkpt lat="44.645791" lon="5.777198">
        <ele>1508.8</ele>
      </trkpt>
      <trkpt lat="44.645933" lon="5.777122">
        <ele>1514.6</ele>
      </trkpt>
      <trkpt lat="44.645946" lon="5.777010">
        <ele>1514.1</ele>
      </trkpt>
      <trkpt lat="44.646025" lon="5.776857">
        <ele>1518.9</ele>
      </trkpt>
      <trkpt lat="44.646145" lon="5.776787">
        <ele>1523.0</ele>
      </trkpt>
      <trkpt lat="44.645992" lon="5.776735">
        <ele>1522.1</ele>
      </trkpt>
      <trkpt lat="44.645922" lon="5.776748">
        <ele>1520.6</ele>
      </trkpt>
      <trkpt lat="44.645858" lon="5.776668">
        <ele>1523.7</ele>
      </trkpt>
      <trkpt lat="44.645564" lon="5.776528">
        <ele>1532.1</ele>
      </trkpt>
      <trkpt lat="44.645697" lon="5.776585">
        <ele>1528.0</ele>
      </trkpt>
      <trkpt lat="44.645564" lon="5.776528">
        <ele>1532.1</ele>
      </trkpt>
      <trkpt lat="44.645466" lon="5.776424">
        <ele>1538.4</ele>
      </trkpt>
      <trkpt lat="44.645361" lon="5.776481">
        <ele>1535.8</ele>
      </trkpt>
      <trkpt lat="44.645287" lon="5.776436">
        <ele>1538.0</ele>
      </trkpt>
      <trkpt lat="44.644993" lon="5.776440">
        <ele>1542.7</ele>
      </trkpt>
      <trkpt lat="44.644676" lon="5.776451">
        <ele>1547.1</ele>
      </trkpt>
      <trkpt lat="44.644368" lon="5.776456">
        <ele>1564.4</ele>
      </trkpt>
      <trkpt lat="44.644141" lon="5.776604">
        <ele>1566.4</ele>
      </trkpt>
      <trkpt lat="44.643914" lon="5.776945">
        <ele>1549.2</ele>
      </trkpt>
      <trkpt lat="44.643811" lon="5.776993">
        <ele>1550.4</ele>
      </trkpt>
      <trkpt lat="44.643719" lon="5.777008">
        <ele>1549.0</ele>
      </trkpt>
      <trkpt lat="44.643658" lon="5.776960">
        <ele>1548.7</ele>
      </trkpt>
      <trkpt lat="44.643634" lon="5.776825">
        <ele>1552.6</ele>
      </trkpt>
      <trkpt lat="44.643661" lon="5.776672">
        <ele>1559.5</ele>
      </trkpt>
      <trkpt lat="44.643504" lon="5.776302">
        <ele>1559.8</ele>
      </trkpt>
      <trkpt lat="44.643504" lon="5.776158">
        <ele>1561.9</ele>
      </trkpt>
      <trkpt lat="44.643511" lon="5.775942">
        <ele>1564.7</ele>
      </trkpt>
      <trkpt lat="44.643490" lon="5.775630">
        <ele>1565.4</ele>
      </trkpt>
      <trkpt lat="44.643521" lon="5.775414">
        <ele>1568.7</ele>
      </trkpt>
      <trkpt lat="44.643572" lon="5.775207">
        <ele>1572.4</ele>
      </trkpt>
      <trkpt lat="44.643729" lon="5.774789">
        <ele>1580.0</ele>
      </trkpt>
      <trkpt lat="44.643777" lon="5.774386">
        <ele>1579.4</ele>
      </trkpt>
      <trkpt lat="44.643815" lon="5.774012">
        <ele>1583.1</ele>
      </trkpt>
      <trkpt lat="44.643723" lon="5.773599">
        <ele>1581.8</ele>
      </trkpt>
      <trkpt lat="44.643716" lon="5.773292">
        <ele>1579.9</ele>
      </trkpt>
      <trkpt lat="44.643781" lon="5.773195">
        <ele>1584.5</ele>
      </trkpt>
      <trkpt lat="44.643907" lon="5.772821">
        <ele>1589.1</ele>
      </trkpt>
      <trkpt lat="44.644025" lon="5.772437">
        <ele>1594.5</ele>
      </trkpt>
      <trkpt lat="44.644143" lon="5.772053">
        <ele>1598.6</ele>
      </trkpt>
      <trkpt lat="44.644312" lon="5.771592">
        <ele>1603.9</ele>
      </trkpt>
      <trkpt lat="44.644481" lon="5.771131">
        <ele>1607.3</ele>
      </trkpt>
      <trkpt lat="44.644672" lon="5.770795">
        <ele>1610.4</ele>
      </trkpt>
      <trkpt lat="44.644864" lon="5.770449">
        <ele>1614.6</ele>
      </trkpt>
      <trkpt lat="44.645041" lon="5.770190">
        <ele>1617.7</ele>
      </trkpt>
      <trkpt lat="44.645113" lon="5.769940">
        <ele>1618.8</ele>
      </trkpt>
      <trkpt lat="44.645140" lon="5.769571">
        <ele>1621.8</ele>
      </trkpt>
      <trkpt lat="44.645174" lon="5.769105">
        <ele>1626.6</ele>
      </trkpt>
      <trkpt lat="44.645270" lon="5.769523">
        <ele>1632.2</ele>
      </trkpt>
      <trkpt lat="44.645365" lon="5.769942">
        <ele>1638.5</ele>
      </trkpt>
      <trkpt lat="44.645351" lon="5.770188">
        <ele>1641.9</ele>
      </trkpt>
      <trkpt lat="44.645244" lon="5.770415">
        <ele>1641.3</ele>
      </trkpt>
      <trkpt lat="44.645158" lon="5.770819">
        <ele>1646.5</ele>
      </trkpt>
      <trkpt lat="44.645073" lon="5.771223">
        <ele>1653.2</ele>
      </trkpt>
      <trkpt lat="44.644988" lon="5.771627">
        <ele>1660.0</ele>
      </trkpt>
      <trkpt lat="44.645248" lon="5.771267">
        <ele>1666.7</ele>
      </trkpt>
      <trkpt lat="44.645444" lon="5.770937">
        <ele>1672.0</ele>
      </trkpt>
      <trkpt lat="44.645640" lon="5.770607">
        <ele>1675.9</ele>
      </trkpt>
      <trkpt lat="44.645836" lon="5.770276">
        <ele>1680.1</ele>
      </trkpt>
      <trkpt lat="44.645917" lon="5.770106">
        <ele>1682.6</ele>
      </trkpt>
      <trkpt lat="44.645967" lon="5.769929">
        <ele>1685.5</ele>
      </trkpt>
      <trkpt lat="44.645980" lon="5.769582">
        <ele>1688.5</ele>
      </trkpt>
      <trkpt lat="44.645949" lon="5.769027">
        <ele>1693.5</ele>
      </trkpt>
      <trkpt lat="44.646139" lon="5.769541">
        <ele>1701.6</ele>
      </trkpt>
      <trkpt lat="44.646330" lon="5.770055">
        <ele>1712.4</ele>
      </trkpt>
      <trkpt lat="44.646353" lon="5.770169">
        <ele>1714.8</ele>
      </trkpt>
      <trkpt lat="44.646214" lon="5.770630">
        <ele>1717.9</ele>
      </trkpt>
      <trkpt lat="44.646074" lon="5.771091">
        <ele>1723.4</ele>
      </trkpt>
      <trkpt lat="44.645982" lon="5.771567">
        <ele>1730.1</ele>
      </trkpt>
      <trkpt lat="44.645890" lon="5.772044">
        <ele>1739.2</ele>
      </trkpt>
      <trkpt lat="44.646160" lon="5.771558">
        <ele>1742.6</ele>
      </trkpt>
      <trkpt lat="44.646429" lon="5.771072">
        <ele>1747.8</ele>
      </trkpt>
      <trkpt lat="44.646726" lon="5.770674">
        <ele>1754.8</ele>
      </trkpt>
      <trkpt lat="44.646589" lon="5.771214">
        <ele>1762.3</ele>
      </trkpt>
      <trkpt lat="44.646451" lon="5.771753">
        <ele>1766.6</ele>
      </trkpt>
      <trkpt lat="44.646704" lon="5.771339">
        <ele>1772.8</ele>
      </trkpt>
      <trkpt lat="44.646957" lon="5.770924">
        <ele>1778.3</ele>
      </trkpt>
      <trkpt lat="44.647210" lon="5.770510">
        <ele>1785.1</ele>
      </trkpt>
      <trkpt lat="44.647145" lon="5.770936">
        <ele>1790.9</ele>
      </trkpt>
      <trkpt lat="44.647080" lon="5.771362">
        <ele>1793.9</ele>
      </trkpt>
      <trkpt lat="44.647305" lon="5.771009">
        <ele>1802.6</ele>
      </trkpt>
      <trkpt lat="44.647529" lon="5.770655">
        <ele>1811.2</ele>
      </trkpt>
      <trkpt lat="44.647511" lon="5.771173">
        <ele>1814.9</ele>
      </trkpt>
      <trkpt lat="44.647767" lon="5.770889">
        <ele>1825.2</ele>
      </trkpt>
      <trkpt lat="44.648014" lon="5.770523">
        <ele>1837.6</ele>
      </trkpt>
      <trkpt lat="44.648189" lon="5.770093">
        <ele>1847.3</ele>
      </trkpt>
      <trkpt lat="44.648373" lon="5.769847">
        <ele>1853.1</ele>
      </trkpt>
      <trkpt lat="44.648697" lon="5.769604">
        <ele>1859.2</ele>
      </trkpt>
      <trkpt lat="44.649020" lon="5.769361">
        <ele>1863.7</ele>
      </trkpt>
      <trkpt lat="44.649323" lon="5.769184">
        <ele>1866.5</ele>
      </trkpt>
      <trkpt lat="44.649626" lon="5.769008">
        <ele>1869.5</ele>
      </trkpt>
      <trkpt lat="44.650011" lon="5.768714">
        <ele>1877.3</ele>
      </trkpt>
      <trkpt lat="44.650396" lon="5.768421">
        <ele>1888.1</ele>
      </trkpt>
      <trkpt lat="44.650781" lon="5.768127">
        <ele>1902.4</ele>
      </trkpt>
      <trkpt lat="44.651167" lon="5.767833">
        <ele>1919.4</ele>
      </trkpt>
      <trkpt lat="44.651565" lon="5.767563">
        <ele>1936.1</ele>
      </trkpt>
      <trkpt lat="44.651964" lon="5.767293">
        <ele>1952.0</ele>
      </trkpt>
      <trkpt lat="44.652363" lon="5.767023">
        <ele>1971.7</ele>
      </trkpt>
      <trkpt lat="44.652762" lon="5.766753">
        <ele>1990.1</ele>
      </trkpt>
      <trkpt lat="44.653122" lon="5.766452">
        <ele>2004.1</ele>
      </trkpt>
      <trkpt lat="44.653481" lon="5.766151">
        <ele>2017.0</ele>
      </trkpt>
      <trkpt lat="44.653841" lon="5.765851">
        <ele>2030.6</ele>
      </trkpt>
      <trkpt lat="44.654201" lon="5.765550">
        <ele>2042.5</ele>
      </trkpt>
      <trkpt lat="44.654508" lon="5.765379">
        <ele>2048.4</ele>
      </trkpt>
      <trkpt lat="44.654814" lon="5.765208">
        <ele>2056.8</ele>
      </trkpt>
      <trkpt lat="44.655215" lon="5.765001">
        <ele>2070.6</ele>
      </trkpt>
      <trkpt lat="44.655615" lon="5.764794">
        <ele>2087.9</ele>
      </trkpt>
      <trkpt lat="44.655868" lon="5.764284">
        <ele>2087.8</ele>
      </trkpt>
      <trkpt lat="44.656121" lon="5.763774">
        <ele>2087.0</ele>
      </trkpt>
      <trkpt lat="44.656401" lon="5.763499">
        <ele>2086.8</ele>
      </trkpt>
      <trkpt lat="44.656762" lon="5.763260">
        <ele>2077.3</ele>
      </trkpt>
      <trkpt lat="44.657124" lon="5.763020">
        <ele>2062.4</ele>
      </trkpt>
      <trkpt lat="44.657430" lon="5.762918">
        <ele>2056.3</ele>
      </trkpt>
      <trkpt lat="44.657737" lon="5.762815">
        <ele>2057.9</ele>
      </trkpt>
      <trkpt lat="44.658072" lon="5.762501">
        <ele>2056.3</ele>
      </trkpt>
      <trkpt lat="44.658337" lon="5.762135">
        <ele>2055.6</ele>
      </trkpt>
      <trkpt lat="44.658602" lon="5.761769">
        <ele>2053.7</ele>
      </trkpt>
      <trkpt lat="44.658926" lon="5.761390">
        <ele>2050.2</ele>
      </trkpt>
      <trkpt lat="44.659249" lon="5.761010">
        <ele>2040.3</ele>
      </trkpt>
      <trkpt lat="44.659393" lon="5.760569">
        <ele>2022.3</ele>
      </trkpt>
      <trkpt lat="44.659536" lon="5.760129">
        <ele>2003.9</ele>
      </trkpt>
      <trkpt lat="44.659752" lon="5.759742">
        <ele>1988.1</ele>
      </trkpt>
      <trkpt lat="44.659969" lon="5.759356">
        <ele>1973.3</ele>
      </trkpt>
      <trkpt lat="44.660233" lon="5.759019">
        <ele>1961.1</ele>
      </trkpt>
      <trkpt lat="44.660497" lon="5.758681">
        <ele>1951.2</ele>
      </trkpt>
      <trkpt lat="44.660761" lon="5.758344">
        <ele>1942.9</ele>
      </trkpt>
      <trkpt lat="44.660815" lon="5.757948">
        <ele>1931.1</ele>
      </trkpt>
      <trkpt lat="44.661012" lon="5.757652">
        <ele>1924.9</ele>
      </trkpt>
      <trkpt lat="44.661209" lon="5.757357">
        <ele>1919.3</ele>
      </trkpt>
      <trkpt lat="44.661369" lon="5.757115">
        <ele>1915.5</ele>
      </trkpt>
      <trkpt lat="44.661701" lon="5.756766">
        <ele>1915.6</ele>
      </trkpt>
      <trkpt lat="44.661900" lon="5.756503">
        <ele>1915.0</ele>
      </trkpt>
      <trkpt lat="44.662079" lon="5.756251">
        <ele>1915.4</ele>
      </trkpt>
      <trkpt lat="44.662259" lon="5.755999">
        <ele>1916.5</ele>
      </trkpt>
      <trkpt lat="44.662098" lon="5.756240">
        <ele>1915.8</ele>
      </trkpt>
      <trkpt lat="44.661900" lon="5.756503">
        <ele>1915.0</ele>
      </trkpt>
      <trkpt lat="44.661701" lon="5.756766">
        <ele>1915.6</ele>
      </trkpt>
      <trkpt lat="44.661369" lon="5.757115">
        <ele>1915.5</ele>
      </trkpt>
      <trkpt lat="44.661209" lon="5.757357">
        <ele>1919.3</ele>
      </trkpt>
      <trkpt lat="44.661048" lon="5.757599">
        <ele>1924.2</ele>
      </trkpt>
      <trkpt lat="44.661026" lon="5.757249">
        <ele>1913.6</ele>
      </trkpt>
      <trkpt lat="44.660870" lon="5.756809">
        <ele>1895.0</ele>
      </trkpt>
      <trkpt lat="44.660713" lon="5.756369">
        <ele>1875.2</ele>
      </trkpt>
      <trkpt lat="44.660533" lon="5.756065">
        <ele>1861.3</ele>
      </trkpt>
      <trkpt lat="44.660353" lon="5.755760">
        <ele>1847.3</ele>
      </trkpt>
      <trkpt lat="44.660305" lon="5.755778">
        <ele>1846.2</ele>
      </trkpt>
      <trkpt lat="44.660201" lon="5.755663">
        <ele>1840.0</ele>
      </trkpt>
      <trkpt lat="44.660038" lon="5.755122">
        <ele>1822.6</ele>
      </trkpt>
      <trkpt lat="44.659764" lon="5.754756">
        <ele>1805.2</ele>
      </trkpt>
      <trkpt lat="44.659491" lon="5.754391">
        <ele>1787.0</ele>
      </trkpt>
      <trkpt lat="44.659217" lon="5.754025">
        <ele>1769.9</ele>
      </trkpt>
      <trkpt lat="44.658969" lon="5.753526">
        <ele>1757.6</ele>
      </trkpt>
      <trkpt lat="44.658660" lon="5.753730">
        <ele>1752.2</ele>
      </trkpt>
      <trkpt lat="44.658412" lon="5.753866">
        <ele>1746.9</ele>
      </trkpt>
      <trkpt lat="44.658165" lon="5.754003">
        <ele>1741.4</ele>
      </trkpt>
      <trkpt lat="44.657883" lon="5.754099">
        <ele>1733.9</ele>
      </trkpt>
      <trkpt lat="44.657615" lon="5.754228">
        <ele>1726.0</ele>
      </trkpt>
      <trkpt lat="44.657241" lon="5.754447">
        <ele>1716.0</ele>
      </trkpt>
      <trkpt lat="44.657056" lon="5.754673">
        <ele>1713.8</ele>
      </trkpt>
      <trkpt lat="44.656929" lon="5.754857">
        <ele>1714.3</ele>
      </trkpt>
      <trkpt lat="44.656779" lon="5.754864">
        <ele>1712.0</ele>
      </trkpt>
      <trkpt lat="44.656448" lon="5.754816">
        <ele>1705.7</ele>
      </trkpt>
      <trkpt lat="44.656108" lon="5.754823">
        <ele>1699.9</ele>
      </trkpt>
      <trkpt lat="44.655811" lon="5.754598">
        <ele>1688.9</ele>
      </trkpt>
      <trkpt lat="44.655534" lon="5.754581">
        <ele>1682.2</ele>
      </trkpt>
      <trkpt lat="44.655257" lon="5.754563">
        <ele>1676.4</ele>
      </trkpt>
      <trkpt lat="44.655038" lon="5.754475">
        <ele>1672.5</ele>
      </trkpt>
      <trkpt lat="44.654804" lon="5.753989">
        <ele>1658.9</ele>
      </trkpt>
      <trkpt lat="44.654590" lon="5.753723">
        <ele>1651.7</ele>
      </trkpt>
      <trkpt lat="44.654371" lon="5.753196">
        <ele>1640.9</ele>
      </trkpt>
      <trkpt lat="44.654250" lon="5.752615">
        <ele>1632.2</ele>
      </trkpt>
      <trkpt lat="44.654283" lon="5.752157">
        <ele>1623.9</ele>
      </trkpt>
      <trkpt lat="44.654316" lon="5.751699">
        <ele>1615.7</ele>
      </trkpt>
      <trkpt lat="44.654303" lon="5.751378">
        <ele>1610.8</ele>
      </trkpt>
      <trkpt lat="44.654328" lon="5.750769">
        <ele>1600.3</ele>
      </trkpt>
      <trkpt lat="44.654286" lon="5.750388">
        <ele>1596.6</ele>
      </trkpt>
      <trkpt lat="44.654245" lon="5.750004">
        <ele>1592.6</ele>
      </trkpt>
      <trkpt lat="44.654136" lon="5.749696">
        <ele>1589.6</ele>
      </trkpt>
      <trkpt lat="44.654026" lon="5.749388">
        <ele>1584.4</ele>
      </trkpt>
      <trkpt lat="44.653732" lon="5.749036">
        <ele>1582.3</ele>
      </trkpt>
      <trkpt lat="44.653846" lon="5.749048">
        <ele>1580.8</ele>
      </trkpt>
      <trkpt lat="44.653924" lon="5.748991">
        <ele>1578.5</ele>
      </trkpt>
      <trkpt lat="44.653976" lon="5.748850">
        <ele>1575.8</ele>
      </trkpt>
      <trkpt lat="44.654032" lon="5.748715">
        <ele>1573.9</ele>
      </trkpt>
      <trkpt lat="44.654029" lon="5.748508">
        <ele>1573.4</ele>
      </trkpt>
      <trkpt lat="44.653673" lon="5.748473">
        <ele>1567.5</ele>
      </trkpt>
      <trkpt lat="44.653516" lon="5.748317">
        <ele>1559.7</ele>
      </trkpt>
      <trkpt lat="44.653228" lon="5.748140">
        <ele>1551.1</ele>
      </trkpt>
      <trkpt lat="44.652939" lon="5.747963">
        <ele>1541.2</ele>
      </trkpt>
      <trkpt lat="44.652650" lon="5.747786">
        <ele>1532.1</ele>
      </trkpt>
      <trkpt lat="44.652402" lon="5.747679">
        <ele>1524.2</ele>
      </trkpt>
      <trkpt lat="44.652154" lon="5.747572">
        <ele>1514.7</ele>
      </trkpt>
      <trkpt lat="44.651839" lon="5.747482">
        <ele>1505.0</ele>
      </trkpt>
      <trkpt lat="44.651523" lon="5.747393">
        <ele>1496.4</ele>
      </trkpt>
      <trkpt lat="44.651208" lon="5.747303">
        <ele>1487.5</ele>
      </trkpt>
      <trkpt lat="44.650895" lon="5.747258">
        <ele>1479.3</ele>
      </trkpt>
      <trkpt lat="44.650582" lon="5.747212">
        <ele>1469.4</ele>
      </trkpt>
      <trkpt lat="44.650185" lon="5.747309">
        <ele>1461.0</ele>
      </trkpt>
      <trkpt lat="44.649929" lon="5.747244">
        <ele>1451.3</ele>
      </trkpt>
      <trkpt lat="44.649695" lon="5.747263">
        <ele>1445.0</ele>
      </trkpt>
      <trkpt lat="44.649460" lon="5.747282">
        <ele>1437.9</ele>
      </trkpt>
      <trkpt lat="44.649127" lon="5.747490">
        <ele>1431.4</ele>
      </trkpt>
      <trkpt lat="44.648794" lon="5.747698">
        <ele>1425.7</ele>
      </trkpt>
      <trkpt lat="44.648746" lon="5.747666">
        <ele>1423.8</ele>
      </trkpt>
      <trkpt lat="44.648630" lon="5.747126">
        <ele>1410.9</ele>
      </trkpt>
      <trkpt lat="44.648445" lon="5.746747">
        <ele>1401.2</ele>
      </trkpt>
      <trkpt lat="44.648529" lon="5.746560">
        <ele>1395.2</ele>
      </trkpt>
      <trkpt lat="44.648533" lon="5.746295">
        <ele>1388.2</ele>
      </trkpt>
      <trkpt lat="44.648585" lon="5.745899">
        <ele>1377.8</ele>
      </trkpt>
      <trkpt lat="44.648593" lon="5.745598">
        <ele>1370.7</ele>
      </trkpt>
      <trkpt lat="44.648495" lon="5.745220">
        <ele>1365.3</ele>
      </trkpt>
      <trkpt lat="44.648533" lon="5.744865">
        <ele>1356.5</ele>
      </trkpt>
      <trkpt lat="44.648635" lon="5.744761">
        <ele>1350.3</ele>
      </trkpt>
      <trkpt lat="44.649032" lon="5.744825">
        <ele>1338.2</ele>
      </trkpt>
      <trkpt lat="44.649139" lon="5.744686">
        <ele>1333.3</ele>
      </trkpt>
      <trkpt lat="44.649338" lon="5.744216">
        <ele>1324.1</ele>
      </trkpt>
      <trkpt lat="44.649536" lon="5.743747">
        <ele>1317.0</ele>
      </trkpt>
      <trkpt lat="44.649504" lon="5.743216">
        <ele>1308.3</ele>
      </trkpt>
      <trkpt lat="44.649471" lon="5.742685">
        <ele>1299.6</ele>
      </trkpt>
      <trkpt lat="44.649551" lon="5.742164">
        <ele>1295.4</ele>
      </trkpt>
      <trkpt lat="44.649693" lon="5.742255">
        <ele>1292.5</ele>
      </trkpt>
      <trkpt lat="44.649796" lon="5.742411">
        <ele>1290.9</ele>
      </trkpt>
      <trkpt lat="44.649922" lon="5.742411">
        <ele>1286.5</ele>
      </trkpt>
      <trkpt lat="44.649971" lon="5.742518">
        <ele>1286.7</ele>
      </trkpt>
      <trkpt lat="44.650112" lon="5.742615">
        <ele>1284.3</ele>
      </trkpt>
      <trkpt lat="44.650315" lon="5.742652">
        <ele>1281.5</ele>
      </trkpt>
      <trkpt lat="44.650755" lon="5.742553">
        <ele>1273.0</ele>
      </trkpt>
      <trkpt lat="44.651196" lon="5.742454">
        <ele>1264.0</ele>
      </trkpt>
      <trkpt lat="44.651482" lon="5.742293">
        <ele>1258.7</ele>
      </trkpt>
      <trkpt lat="44.651769" lon="5.742132">
        <ele>1252.9</ele>
      </trkpt>
      <trkpt lat="44.652055" lon="5.741971">
        <ele>1248.9</ele>
      </trkpt>
      <trkpt lat="44.652326" lon="5.741885">
        <ele>1243.6</ele>
      </trkpt>
      <trkpt lat="44.652643" lon="5.741880">
        <ele>1237.2</ele>
      </trkpt>
      <trkpt lat="44.652902" lon="5.741778">
        <ele>1231.3</ele>
      </trkpt>
      <trkpt lat="44.653085" lon="5.741622">
        <ele>1229.1</ele>
      </trkpt>
      <trkpt lat="44.653398" lon="5.741746">
        <ele>1226.7</ele>
      </trkpt>
      <trkpt lat="44.653547" lon="5.741724">
        <ele>1223.7</ele>
      </trkpt>
      <trkpt lat="44.653768" lon="5.741531">
        <ele>1217.2</ele>
      </trkpt>
      <trkpt lat="44.653929" lon="5.741344">
        <ele>1212.8</ele>
      </trkpt>
      <trkpt lat="44.654176" lon="5.740922">
        <ele>1204.8</ele>
      </trkpt>
      <trkpt lat="44.654423" lon="5.740501">
        <ele>1197.6</ele>
      </trkpt>
      <trkpt lat="44.654670" lon="5.740080">
        <ele>1189.2</ele>
      </trkpt>
      <trkpt lat="44.654917" lon="5.739659">
        <ele>1181.4</ele>
      </trkpt>
      <trkpt lat="44.655008" lon="5.739259">
        <ele>1174.2</ele>
      </trkpt>
      <trkpt lat="44.655087" lon="5.739110">
        <ele>1171.7</ele>
      </trkpt>
      <trkpt lat="44.655208" lon="5.738922">
        <ele>1168.1</ele>
      </trkpt>
      <trkpt lat="44.655272" lon="5.738800">
        <ele>1165.4</ele>
      </trkpt>
      <trkpt lat="44.655299" lon="5.738506">
        <ele>1160.6</ele>
      </trkpt>
      <trkpt lat="44.655360" lon="5.738227">
        <ele>1155.7</ele>
      </trkpt>
      <trkpt lat="44.655558" lon="5.737875">
        <ele>1150.2</ele>
      </trkpt>
      <trkpt lat="44.655756" lon="5.737524">
        <ele>1143.9</ele>
      </trkpt>
      <trkpt lat="44.655905" lon="5.737132">
        <ele>1137.0</ele>
      </trkpt>
      <trkpt lat="44.655957" lon="5.736762">
        <ele>1131.8</ele>
      </trkpt>
      <trkpt lat="44.656009" lon="5.736391">
        <ele>1127.0</ele>
      </trkpt>
      <trkpt lat="44.656167" lon="5.735834">
        <ele>1119.5</ele>
      </trkpt>
      <trkpt lat="44.656186" lon="5.735436">
        <ele>1115.3</ele>
      </trkpt>
      <trkpt lat="44.656130" lon="5.734868">
        <ele>1109.4</ele>
      </trkpt>
      <trkpt lat="44.656318" lon="5.734441">
        <ele>1106.7</ele>
      </trkpt>
      <trkpt lat="44.656506" lon="5.734013">
        <ele>1104.3</ele>
      </trkpt>
      <trkpt lat="44.656619" lon="5.733627">
        <ele>1102.0</ele>
      </trkpt>
      <trkpt lat="44.656731" lon="5.733241">
        <ele>1100.2</ele>
      </trkpt>
      <trkpt lat="44.656807" lon="5.732739">
        <ele>1097.7</ele>
      </trkpt>
      <trkpt lat="44.656933" lon="5.732386">
        <ele>1097.1</ele>
      </trkpt>
      <trkpt lat="44.657132" lon="5.732071">
        <ele>1097.1</ele>
      </trkpt>
      <trkpt lat="44.657351" lon="5.731859">
        <ele>1097.9</ele>
      </trkpt>
      <trkpt lat="44.657615" lon="5.731905">
        <ele>1098.2</ele>
      </trkpt>
      <trkpt lat="44.657878" lon="5.731950">
        <ele>1098.7</ele>
      </trkpt>
      <trkpt lat="44.658192" lon="5.731880">
        <ele>1100.0</ele>
      </trkpt>
      <trkpt lat="44.658505" lon="5.731809">
        <ele>1100.9</ele>
      </trkpt>
      <trkpt lat="44.658819" lon="5.731739">
        <ele>1100.9</ele>
      </trkpt>
      <trkpt lat="44.659088" lon="5.731619">
        <ele>1098.9</ele>
      </trkpt>
      <trkpt lat="44.659358" lon="5.731500">
        <ele>1096.7</ele>
      </trkpt>
      <trkpt lat="44.659622" lon="5.731247">
        <ele>1094.5</ele>
      </trkpt>
      <trkpt lat="44.659816" lon="5.731181">
        <ele>1093.4</ele>
      </trkpt>
      <trkpt lat="44.659974" lon="5.731264">
        <ele>1092.7</ele>
      </trkpt>
      <trkpt lat="44.660331" lon="5.731375">
        <ele>1089.2</ele>
      </trkpt>
      <trkpt lat="44.660439" lon="5.731581">
        <ele>1087.6</ele>
      </trkpt>
      <trkpt lat="44.660521" lon="5.731584">
        <ele>1085.4</ele>
      </trkpt>
      <trkpt lat="44.660402" lon="5.731050">
        <ele>1083.6</ele>
      </trkpt>
      <trkpt lat="44.660208" lon="5.730814">
        <ele>1080.7</ele>
      </trkpt>
      <trkpt lat="44.660119" lon="5.730603">
        <ele>1078.2</ele>
      </trkpt>
      <trkpt lat="44.660067" lon="5.730260">
        <ele>1073.3</ele>
      </trkpt>
      <trkpt lat="44.660135" lon="5.729714">
        <ele>1066.5</ele>
      </trkpt>
      <trkpt lat="44.660271" lon="5.729260">
        <ele>1063.6</ele>
      </trkpt>
      <trkpt lat="44.660439" lon="5.729176">
        <ele>1061.5</ele>
      </trkpt>
      <trkpt lat="44.660481" lon="5.729534">
        <ele>1059.1</ele>
      </trkpt>
      <trkpt lat="44.660524" lon="5.729892">
        <ele>1058.1</ele>
      </trkpt>
      <trkpt lat="44.660657" lon="5.730239">
        <ele>1056.4</ele>
      </trkpt>
      <trkpt lat="44.660790" lon="5.730587">
        <ele>1056.3</ele>
      </trkpt>
      <trkpt lat="44.660830" lon="5.730651">
        <ele>1056.7</ele>
      </trkpt>
      <trkpt lat="44.660847" lon="5.730679">
        <ele>1056.7</ele>
      </trkpt>
      <trkpt lat="44.660894" lon="5.730686">
        <ele>1056.6</ele>
      </trkpt>
      <trkpt lat="44.661004" lon="5.730683">
        <ele>1054.0</ele>
      </trkpt>
      <trkpt lat="44.661209" lon="5.730676">
        <ele>1056.3</ele>
      </trkpt>
      <trkpt lat="44.661377" lon="5.730619">
        <ele>1056.0</ele>
      </trkpt>
      <trkpt lat="44.661549" lon="5.730513">
        <ele>1056.2</ele>
      </trkpt>
      <trkpt lat="44.661537" lon="5.731021">
        <ele>1057.3</ele>
      </trkpt>
      <trkpt lat="44.661524" lon="5.731528">
        <ele>1059.0</ele>
      </trkpt>
      <trkpt lat="44.661534" lon="5.731611">
        <ele>1059.3</ele>
      </trkpt>
      <trkpt lat="44.661797" lon="5.731274">
        <ele>1063.0</ele>
      </trkpt>
      <trkpt lat="44.661886" lon="5.731201">
        <ele>1066.0</ele>
      </trkpt>
      <trkpt lat="44.661982" lon="5.731189">
        <ele>1069.1</ele>
      </trkpt>
      <trkpt lat="44.662062" lon="5.731262">
        <ele>1073.0</ele>
      </trkpt>
      <trkpt lat="44.662273" lon="5.731569">
        <ele>1084.0</ele>
      </trkpt>
      <trkpt lat="44.662323" lon="5.731547">
        <ele>1085.0</ele>
      </trkpt>
      <trkpt lat="44.662417" lon="5.731403">
        <ele>1086.7</ele>
      </trkpt>
      <trkpt lat="44.662654" lon="5.731354">
        <ele>1093.0</ele>
      </trkpt>
      <trkpt lat="44.662891" lon="5.731304">
        <ele>1100.0</ele>
      </trkpt>
      <trkpt lat="44.663080" lon="5.731156">
        <ele>1106.1</ele>
      </trkpt>
      <trkpt lat="44.663435" lon="5.731006">
        <ele>1115.7</ele>
      </trkpt>
      <trkpt lat="44.663632" lon="5.730837">
        <ele>1119.5</ele>
      </trkpt>
      <trkpt lat="44.663894" lon="5.730656">
        <ele>1126.8</ele>
      </trkpt>
      <trkpt lat="44.664185" lon="5.730535">
        <ele>1133.4</ele>
      </trkpt>
      <trkpt lat="44.664476" lon="5.730414">
        <ele>1137.6</ele>
      </trkpt>
      <trkpt lat="44.664784" lon="5.730265">
        <ele>1143.2</ele>
      </trkpt>
      <trkpt lat="44.665065" lon="5.730004">
        <ele>1145.3</ele>
      </trkpt>
      <trkpt lat="44.665261" lon="5.729845">
        <ele>1147.0</ele>
      </trkpt>
      <trkpt lat="44.665458" lon="5.729686">
        <ele>1149.2</ele>
      </trkpt>
      <trkpt lat="44.665809" lon="5.729510">
        <ele>1156.0</ele>
      </trkpt>
      <trkpt lat="44.666158" lon="5.729453">
        <ele>1164.0</ele>
      </trkpt>
      <trkpt lat="44.666260" lon="5.729364">
        <ele>1164.7</ele>
      </trkpt>
      <trkpt lat="44.666431" lon="5.729054">
        <ele>1164.9</ele>
      </trkpt>
      <trkpt lat="44.666477" lon="5.729114">
        <ele>1167.8</ele>
      </trkpt>
      <trkpt lat="44.666515" lon="5.729331">
        <ele>1174.0</ele>
      </trkpt>
      <trkpt lat="44.666581" lon="5.729375">
        <ele>1177.2</ele>
      </trkpt>
      <trkpt lat="44.666669" lon="5.729609">
        <ele>1185.7</ele>
      </trkpt>
      <trkpt lat="44.666732" lon="5.729652">
        <ele>1189.4</ele>
      </trkpt>
      <trkpt lat="44.666862" lon="5.729547">
        <ele>1191.2</ele>
      </trkpt>
      <trkpt lat="44.667167" lon="5.729324">
        <ele>1198.0</ele>
      </trkpt>
      <trkpt lat="44.667472" lon="5.729102">
        <ele>1206.5</ele>
      </trkpt>
      <trkpt lat="44.667697" lon="5.729016">
        <ele>1214.1</ele>
      </trkpt>
      <trkpt lat="44.667980" lon="5.728866">
        <ele>1221.6</ele>
      </trkpt>
      <trkpt lat="44.668262" lon="5.728772">
        <ele>1231.9</ele>
      </trkpt>
      <trkpt lat="44.668655" lon="5.728576">
        <ele>1244.4</ele>
      </trkpt>
      <trkpt lat="44.668710" lon="5.728598">
        <ele>1246.1</ele>
      </trkpt>
      <trkpt lat="44.668943" lon="5.728708">
        <ele>1257.1</ele>
      </trkpt>
      <trkpt lat="44.669176" lon="5.728761">
        <ele>1265.7</ele>
      </trkpt>
      <trkpt lat="44.669303" lon="5.728686">
        <ele>1266.8</ele>
      </trkpt>
      <trkpt lat="44.669645" lon="5.728737">
        <ele>1279.1</ele>
      </trkpt>
      <trkpt lat="44.669875" lon="5.728712">
        <ele>1285.9</ele>
      </trkpt>
      <trkpt lat="44.670105" lon="5.728686">
        <ele>1292.7</ele>
      </trkpt>
      <trkpt lat="44.670307" lon="5.728574">
        <ele>1296.5</ele>
      </trkpt>
      <trkpt lat="44.670436" lon="5.728590">
        <ele>1301.8</ele>
      </trkpt>
      <trkpt lat="44.670513" lon="5.728649">
        <ele>1306.7</ele>
      </trkpt>
      <trkpt lat="44.670553" lon="5.728788">
        <ele>1313.2</ele>
      </trkpt>
      <trkpt lat="44.670782" lon="5.728906">
        <ele>1325.1</ele>
      </trkpt>
      <trkpt lat="44.671013" lon="5.728976">
        <ele>1335.8</ele>
      </trkpt>
      <trkpt lat="44.671245" lon="5.729045">
        <ele>1345.9</ele>
      </trkpt>
      <trkpt lat="44.671487" lon="5.729118">
        <ele>1357.1</ele>
      </trkpt>
      <trkpt lat="44.671623" lon="5.729204">
        <ele>1364.9</ele>
      </trkpt>
      <trkpt lat="44.671674" lon="5.729365">
        <ele>1372.8</ele>
      </trkpt>
      <trkpt lat="44.671903" lon="5.729480">
        <ele>1384.2</ele>
      </trkpt>
      <trkpt lat="44.672090" lon="5.729629">
        <ele>1394.1</ele>
      </trkpt>
      <trkpt lat="44.672185" lon="5.729705">
        <ele>1400.4</ele>
      </trkpt>
      <trkpt lat="44.672506" lon="5.729712">
        <ele>1407.7</ele>
      </trkpt>
      <trkpt lat="44.672826" lon="5.729718">
        <ele>1414.8</ele>
      </trkpt>
      <trkpt lat="44.673147" lon="5.729724">
        <ele>1421.2</ele>
      </trkpt>
      <trkpt lat="44.673444" lon="5.729786">
        <ele>1430.5</ele>
      </trkpt>
      <trkpt lat="44.673742" lon="5.729847">
        <ele>1440.5</ele>
      </trkpt>
      <trkpt lat="44.674064" lon="5.729936">
        <ele>1452.2</ele>
      </trkpt>
      <trkpt lat="44.674387" lon="5.730025">
        <ele>1463.3</ele>
      </trkpt>
      <trkpt lat="44.674703" lon="5.730234">
        <ele>1477.8</ele>
      </trkpt>
      <trkpt lat="44.675056" lon="5.730333">
        <ele>1489.1</ele>
      </trkpt>
      <trkpt lat="44.675357" lon="5.730309">
        <ele>1494.6</ele>
      </trkpt>
      <trkpt lat="44.675626" lon="5.730443">
        <ele>1504.9</ele>
      </trkpt>
      <trkpt lat="44.675872" lon="5.730428">
        <ele>1509.8</ele>
      </trkpt>
      <trkpt lat="44.676119" lon="5.730414">
        <ele>1514.3</ele>
      </trkpt>
      <trkpt lat="44.676204" lon="5.730489">
        <ele>1518.9</ele>
      </trkpt>
      <trkpt lat="44.676271" lon="5.730741">
        <ele>1529.3</ele>
      </trkpt>
      <trkpt lat="44.676387" lon="5.730867">
        <ele>1536.3</ele>
      </trkpt>
      <trkpt lat="44.676473" lon="5.731092">
        <ele>1546.1</ele>
      </trkpt>
      <trkpt lat="44.676855" lon="5.731352">
        <ele>1565.1</ele>
      </trkpt>
      <trkpt lat="44.677026" lon="5.731419">
        <ele>1572.0</ele>
      </trkpt>
      <trkpt lat="44.677461" lon="5.731384">
        <ele>1582.4</ele>
      </trkpt>
      <trkpt lat="44.677494" lon="5.731639">
        <ele>1592.9</ele>
      </trkpt>
      <trkpt lat="44.677545" lon="5.731731">
        <ele>1597.8</ele>
      </trkpt>
      <trkpt lat="44.677953" lon="5.731974">
        <ele>1617.8</ele>
      </trkpt>
      <trkpt lat="44.678203" lon="5.732042">
        <ele>1626.7</ele>
      </trkpt>
      <trkpt lat="44.678477" lon="5.732003">
        <ele>1631.1</ele>
      </trkpt>
      <trkpt lat="44.678692" lon="5.732004">
        <ele>1636.5</ele>
      </trkpt>
      <trkpt lat="44.678817" lon="5.732023">
        <ele>1640.3</ele>
      </trkpt>
      <trkpt lat="44.679000" lon="5.731985">
        <ele>1644.3</ele>
      </trkpt>
      <trkpt lat="44.679068" lon="5.731941">
        <ele>1644.8</ele>
      </trkpt>
      <trkpt lat="44.679080" lon="5.731964">
        <ele>1645.8</ele>
      </trkpt>
      <trkpt lat="44.679077" lon="5.732066">
        <ele>1649.1</ele>
      </trkpt>
      <trkpt lat="44.679058" lon="5.732134">
        <ele>1651.1</ele>
      </trkpt>
      <trkpt lat="44.678946" lon="5.732610">
        <ele>1666.5</ele>
      </trkpt>
      <trkpt lat="44.678879" lon="5.732751">
        <ele>1670.9</ele>
      </trkpt>
      <trkpt lat="44.678834" lon="5.732794">
        <ele>1671.5</ele>
      </trkpt>
      <trkpt lat="44.678774" lon="5.732924">
        <ele>1675.1</ele>
      </trkpt>
      <trkpt lat="44.678788" lon="5.732964">
        <ele>1676.8</ele>
      </trkpt>
      <trkpt lat="44.678819" lon="5.732964">
        <ele>1677.5</ele>
      </trkpt>
      <trkpt lat="44.678854" lon="5.733302">
        <ele>1690.0</ele>
      </trkpt>
      <trkpt lat="44.678888" lon="5.733640">
        <ele>1702.5</ele>
      </trkpt>
      <trkpt lat="44.678852" lon="5.733219">
        <ele>1687.3</ele>
      </trkpt>
      <trkpt lat="44.678882" lon="5.733359">
        <ele>1692.4</ele>
      </trkpt>
      <trkpt lat="44.678888" lon="5.733640">
        <ele>1702.5</ele>
      </trkpt>
      <trkpt lat="44.678852" lon="5.733801">
        <ele>1708.4</ele>
      </trkpt>
      <trkpt lat="44.678800" lon="5.734134">
        <ele>1720.2</ele>
      </trkpt>
      <trkpt lat="44.678749" lon="5.734466">
        <ele>1731.2</ele>
      </trkpt>
      <trkpt lat="44.678760" lon="5.734324">
        <ele>1727.0</ele>
      </trkpt>
      <trkpt lat="44.678749" lon="5.734466">
        <ele>1731.2</ele>
      </trkpt>
      <trkpt lat="44.678762" lon="5.734591">
        <ele>1734.2</ele>
      </trkpt>
      <trkpt lat="44.678823" lon="5.734970">
        <ele>1733.8</ele>
      </trkpt>
      <trkpt lat="44.678831" lon="5.734991">
      </trkpt>
    </trkseg>
  </trk>
  <trk>
    <name>Bivouac 2 → Arrivée</name>
    <extensions><color>#b87f5a</color></extensions>
    <number>2</number>
    <desc>SegmentIndex:2</desc>
    <trkseg>
      <trkpt lat="44.678831" lon="5.734991">
      </trkpt>
      <trkpt lat="44.678950" lon="5.735335">
        <ele>1727.8</ele>
      </trkpt>
      <trkpt lat="44.678884" lon="5.735170">
        <ele>1731.2</ele>
      </trkpt>
      <trkpt lat="44.678950" lon="5.735335">
        <ele>1727.8</ele>
      </trkpt>
      <trkpt lat="44.679031" lon="5.735526">
        <ele>1726.5</ele>
      </trkpt>
      <trkpt lat="44.679111" lon="5.735661">
        <ele>1726.3</ele>
      </trkpt>
      <trkpt lat="44.679318" lon="5.735971">
        <ele>1722.0</ele>
      </trkpt>
      <trkpt lat="44.679407" lon="5.736100">
        <ele>1717.9</ele>
      </trkpt>
      <trkpt lat="44.679471" lon="5.736178">
        <ele>1716.8</ele>
      </trkpt>
      <trkpt lat="44.679506" lon="5.736241">
        <ele>1716.0</ele>
      </trkpt>
      <trkpt lat="44.679555" lon="5.736283">
        <ele>1715.4</ele>
      </trkpt>
      <trkpt lat="44.679755" lon="5.736583">
        <ele>1716.3</ele>
      </trkpt>
      <trkpt lat="44.679629" lon="5.736397">
        <ele>1713.8</ele>
      </trkpt>
      <trkpt lat="44.679755" lon="5.736583">
        <ele>1716.3</ele>
      </trkpt>
      <trkpt lat="44.679916" lon="5.736828">
        <ele>1717.0</ele>
      </trkpt>
      <trkpt lat="44.679966" lon="5.736959">
        <ele>1719.6</ele>
      </trkpt>
      <trkpt lat="44.680120" lon="5.737272">
        <ele>1716.0</ele>
      </trkpt>
      <trkpt lat="44.680124" lon="5.737277">
        <ele>1716.0</ele>
      </trkpt>
      <trkpt lat="44.680177" lon="5.737427">
        <ele>1717.0</ele>
      </trkpt>
      <trkpt lat="44.680263" lon="5.737693">
        <ele>1725.6</ele>
      </trkpt>
      <trkpt lat="44.680314" lon="5.737784">
        <ele>1731.5</ele>
      </trkpt>
      <trkpt lat="44.680347" lon="5.737885">
        <ele>1728.7</ele>
      </trkpt>
      <trkpt lat="44.680325" lon="5.738068">
        <ele>1721.8</ele>
      </trkpt>
      <trkpt lat="44.680347" lon="5.738189">
        <ele>1715.1</ele>
      </trkpt>
      <trkpt lat="44.680352" lon="5.738326">
        <ele>1707.7</ele>
      </trkpt>
      <trkpt lat="44.680410" lon="5.738479">
        <ele>1700.0</ele>
      </trkpt>
      <trkpt lat="44.680476" lon="5.738667">
        <ele>1694.6</ele>
      </trkpt>
      <trkpt lat="44.680512" lon="5.738877">
        <ele>1691.9</ele>
      </trkpt>
      <trkpt lat="44.680553" lon="5.739096">
        <ele>1693.3</ele>
      </trkpt>
      <trkpt lat="44.680271" lon="5.738685">
        <ele>1681.7</ele>
      </trkpt>
      <trkpt lat="44.679931" lon="5.738294">
        <ele>1671.0</ele>
      </trkpt>
      <trkpt lat="44.679738" lon="5.737757">
        <ele>1664.8</ele>
      </trkpt>
      <trkpt lat="44.679653" lon="5.737755">
        <ele>1658.4</ele>
      </trkpt>
      <trkpt lat="44.679641" lon="5.737889">
        <ele>1654.9</ele>
      </trkpt>
      <trkpt lat="44.679641" lon="5.738252">
        <ele>1648.8</ele>
      </trkpt>
      <trkpt lat="44.679695" lon="5.738532">
        <ele>1644.9</ele>
      </trkpt>
      <trkpt lat="44.679761" lon="5.738758">
        <ele>1641.2</ele>
      </trkpt>
      <trkpt lat="44.679815" lon="5.739082">
        <ele>1633.4</ele>
      </trkpt>
      <trkpt lat="44.679868" lon="5.739407">
        <ele>1629.3</ele>
      </trkpt>
      <trkpt lat="44.679849" lon="5.739683">
        <ele>1622.3</ele>
      </trkpt>
      <trkpt lat="44.679929" lon="5.740222">
        <ele>1614.8</ele>
      </trkpt>
      <trkpt lat="44.679966" lon="5.740555">
        <ele>1609.4</ele>
      </trkpt>
      <trkpt lat="44.680004" lon="5.740888">
        <ele>1603.0</ele>
      </trkpt>
      <trkpt lat="44.679832" lon="5.740627">
        <ele>1599.0</ele>
      </trkpt>
      <trkpt lat="44.679637" lon="5.740405">
        <ele>1591.1</ele>
      </trkpt>
      <trkpt lat="44.679529" lon="5.740177">
        <ele>1589.8</ele>
      </trkpt>
      <trkpt lat="44.679376" lon="5.739954">
        <ele>1583.9</ele>
      </trkpt>
      <trkpt lat="44.679229" lon="5.739702">
        <ele>1579.8</ele>
      </trkpt>
      <trkpt lat="44.679140" lon="5.739605">
        <ele>1577.1</ele>
      </trkpt>
      <trkpt lat="44.678976" lon="5.739372">
        <ele>1573.3</ele>
      </trkpt>
      <trkpt lat="44.678815" lon="5.739187">
        <ele>1568.6</ele>
      </trkpt>
      <trkpt lat="44.678691" lon="5.738932">
        <ele>1567.3</ele>
      </trkpt>
      <trkpt lat="44.678476" lon="5.738629">
        <ele>1560.9</ele>
      </trkpt>
      <trkpt lat="44.678321" lon="5.738532">
        <ele>1552.5</ele>
      </trkpt>
      <trkpt lat="44.678112" lon="5.738388">
        <ele>1552.2</ele>
      </trkpt>
      <trkpt lat="44.677807" lon="5.738262">
        <ele>1545.0</ele>
      </trkpt>
      <trkpt lat="44.677509" lon="5.738195">
        <ele>1535.5</ele>
      </trkpt>
      <trkpt lat="44.677646" lon="5.738535">
        <ele>1529.0</ele>
      </trkpt>
      <trkpt lat="44.677738" lon="5.738734">
        <ele>1525.0</ele>
      </trkpt>
      <trkpt lat="44.677864" lon="5.739010">
        <ele>1518.4</ele>
      </trkpt>
      <trkpt lat="44.677957" lon="5.739361">
        <ele>1515.9</ele>
      </trkpt>
      <trkpt lat="44.678033" lon="5.739673">
        <ele>1512.2</ele>
      </trkpt>
      <trkpt lat="44.678144" lon="5.740096">
        <ele>1508.5</ele>
      </trkpt>
      <trkpt lat="44.678156" lon="5.740603">
        <ele>1498.9</ele>
      </trkpt>
      <trkpt lat="44.678182" lon="5.741016">
        <ele>1492.5</ele>
      </trkpt>
      <trkpt lat="44.678207" lon="5.741502">
        <ele>1486.4</ele>
      </trkpt>
      <trkpt lat="44.678266" lon="5.742041">
        <ele>1479.1</ele>
      </trkpt>
      <trkpt lat="44.678327" lon="5.742553">
        <ele>1470.7</ele>
      </trkpt>
      <trkpt lat="44.678430" lon="5.742827">
        <ele>1467.3</ele>
      </trkpt>
      <trkpt lat="44.678564" lon="5.743181">
        <ele>1463.3</ele>
      </trkpt>
      <trkpt lat="44.678431" lon="5.743493">
        <ele>1457.4</ele>
      </trkpt>
      <trkpt lat="44.678298" lon="5.743806">
        <ele>1452.6</ele>
      </trkpt>
      <trkpt lat="44.678119" lon="5.744219">
        <ele>1444.4</ele>
      </trkpt>
      <trkpt lat="44.677972" lon="5.744570">
        <ele>1437.0</ele>
      </trkpt>
      <trkpt lat="44.677866" lon="5.744846">
        <ele>1432.0</ele>
      </trkpt>
      <trkpt lat="44.677839" lon="5.745244">
        <ele>1426.0</ele>
      </trkpt>
      <trkpt lat="44.677745" lon="5.745458">
        <ele>1423.4</ele>
      </trkpt>
      <trkpt lat="44.677507" lon="5.745678">
        <ele>1415.7</ele>
      </trkpt>
      <trkpt lat="44.677307" lon="5.746045">
        <ele>1408.7</ele>
      </trkpt>
      <trkpt lat="44.677028" lon="5.746402">
        <ele>1399.2</ele>
      </trkpt>
      <trkpt lat="44.676885" lon="5.746543">
        <ele>1395.0</ele>
      </trkpt>
      <trkpt lat="44.676708" lon="5.746513">
        <ele>1392.5</ele>
      </trkpt>
      <trkpt lat="44.676484" lon="5.746900">
        <ele>1390.6</ele>
      </trkpt>
      <trkpt lat="44.676180" lon="5.747271">
        <ele>1390.5</ele>
      </trkpt>
      <trkpt lat="44.676130" lon="5.747416">
        <ele>1388.8</ele>
      </trkpt>
      <trkpt lat="44.676096" lon="5.747663">
        <ele>1384.0</ele>
      </trkpt>
      <trkpt lat="44.675974" lon="5.748199">
        <ele>1368.6</ele>
      </trkpt>
      <trkpt lat="44.676130" lon="5.748285">
        <ele>1359.6</ele>
      </trkpt>
      <trkpt lat="44.676180" lon="5.748398">
        <ele>1352.9</ele>
      </trkpt>
      <trkpt lat="44.676161" lon="5.748671">
        <ele>1341.0</ele>
      </trkpt>
      <trkpt lat="44.676202" lon="5.748773">
        <ele>1335.9</ele>
      </trkpt>
      <trkpt lat="44.676328" lon="5.748811">
        <ele>1331.5</ele>
      </trkpt>
      <trkpt lat="44.676428" lon="5.749170">
        <ele>1313.3</ele>
      </trkpt>
      <trkpt lat="44.676460" lon="5.749511">
        <ele>1299.8</ele>
      </trkpt>
      <trkpt lat="44.676492" lon="5.749852">
        <ele>1288.4</ele>
      </trkpt>
      <trkpt lat="44.676401" lon="5.750082">
        <ele>1280.2</ele>
      </trkpt>
      <trkpt lat="44.676153" lon="5.750345">
        <ele>1263.5</ele>
      </trkpt>
      <trkpt lat="44.676199" lon="5.750613">
        <ele>1253.5</ele>
      </trkpt>
      <trkpt lat="44.676126" lon="5.751101">
        <ele>1234.2</ele>
      </trkpt>
      <trkpt lat="44.676057" lon="5.751375">
        <ele>1230.1</ele>
      </trkpt>
      <trkpt lat="44.676172" lon="5.751750">
        <ele>1212.6</ele>
      </trkpt>
      <trkpt lat="44.676210" lon="5.752072">
        <ele>1199.0</ele>
      </trkpt>
      <trkpt lat="44.676248" lon="5.752394">
        <ele>1188.8</ele>
      </trkpt>
      <trkpt lat="44.676244" lon="5.752636">
        <ele>1180.1</ele>
      </trkpt>
      <trkpt lat="44.676389" lon="5.752834">
        <ele>1167.4</ele>
      </trkpt>
      <trkpt lat="44.676276" lon="5.753254">
        <ele>1157.2</ele>
      </trkpt>
      <trkpt lat="44.675996" lon="5.753671">
        <ele>1149.1</ele>
      </trkpt>
      <trkpt lat="44.675823" lon="5.753991">
        <ele>1145.2</ele>
      </trkpt>
      <trkpt lat="44.676109" lon="5.754285">
        <ele>1145.1</ele>
      </trkpt>
      <trkpt lat="44.676395" lon="5.754578">
        <ele>1146.5</ele>
      </trkpt>
      <trkpt lat="44.676543" lon="5.754761">
        <ele>1147.7</ele>
      </trkpt>
      <trkpt lat="44.676568" lon="5.754846">
        <ele>1147.6</ele>
      </trkpt>
      <trkpt lat="44.676574" lon="5.754981">
        <ele>1147.3</ele>
      </trkpt>
      <trkpt lat="44.676548" lon="5.755058">
        <ele>1143.6</ele>
      </trkpt>
      <trkpt lat="44.676435" lon="5.755183">
        <ele>1147.6</ele>
      </trkpt>
      <trkpt lat="44.676397" lon="5.755252">
        <ele>1148.4</ele>
      </trkpt>
      <trkpt lat="44.676366" lon="5.755376">
        <ele>1149.0</ele>
      </trkpt>
      <trkpt lat="44.676361" lon="5.755497">
        <ele>1149.5</ele>
      </trkpt>
      <trkpt lat="44.676401" lon="5.756085">
        <ele>1151.5</ele>
      </trkpt>
      <trkpt lat="44.676162" lon="5.756524">
        <ele>1156.2</ele>
      </trkpt>
      <trkpt lat="44.675929" lon="5.756823">
        <ele>1160.1</ele>
      </trkpt>
      <trkpt lat="44.675861" lon="5.756910">
        <ele>1161.0</ele>
      </trkpt>
      <trkpt lat="44.675795" lon="5.757017">
        <ele>1162.2</ele>
      </trkpt>
      <trkpt lat="44.675724" lon="5.757082">
        <ele>1163.1</ele>
      </trkpt>
      <trkpt lat="44.675432" lon="5.757028">
        <ele>1165.1</ele>
      </trkpt>
      <trkpt lat="44.675345" lon="5.756924">
        <ele>1166.2</ele>
      </trkpt>
      <trkpt lat="44.675285" lon="5.757033">
        <ele>1167.5</ele>
      </trkpt>
      <trkpt lat="44.675231" lon="5.757167">
        <ele>1168.9</ele>
      </trkpt>
      <trkpt lat="44.675087" lon="5.757522">
        <ele>1172.7</ele>
      </trkpt>
      <trkpt lat="44.674876" lon="5.757828">
        <ele>1177.4</ele>
      </trkpt>
      <trkpt lat="44.674713" lon="5.757722">
        <ele>1177.6</ele>
      </trkpt>
      <trkpt lat="44.674458" lon="5.757605">
        <ele>1178.7</ele>
      </trkpt>
      <trkpt lat="44.674456" lon="5.757693">
        <ele>1179.2</ele>
      </trkpt>
      <trkpt lat="44.674533" lon="5.757795">
        <ele>1179.5</ele>
      </trkpt>
      <trkpt lat="44.674594" lon="5.757871">
        <ele>1179.5</ele>
      </trkpt>
      <trkpt lat="44.674627" lon="5.757933">
        <ele>1179.6</ele>
      </trkpt>
      <trkpt lat="44.674629" lon="5.758177">
        <ele>1182.5</ele>
      </trkpt>
      <trkpt lat="44.674489" lon="5.758359">
        <ele>1185.7</ele>
      </trkpt>
      <trkpt lat="44.674246" lon="5.758715">
        <ele>1191.0</ele>
      </trkpt>
      <trkpt lat="44.674106" lon="5.759087">
        <ele>1196.0</ele>
      </trkpt>
      <trkpt lat="44.673897" lon="5.759621">
        <ele>1202.4</ele>
      </trkpt>
      <trkpt lat="44.673646" lon="5.760127">
        <ele>1209.0</ele>
      </trkpt>
      <trkpt lat="44.673422" lon="5.760420">
        <ele>1211.8</ele>
      </trkpt>
      <trkpt lat="44.673198" lon="5.760713">
        <ele>1215.6</ele>
      </trkpt>
      <trkpt lat="44.672970" lon="5.761168">
        <ele>1219.8</ele>
      </trkpt>
      <trkpt lat="44.672921" lon="5.761479">
        <ele>1223.5</ele>
      </trkpt>
      <trkpt lat="44.672872" lon="5.761790">
        <ele>1227.5</ele>
      </trkpt>
      <trkpt lat="44.672842" lon="5.761954">
        <ele>1229.0</ele>
      </trkpt>
      <trkpt lat="44.672914" lon="5.761968">
        <ele>1229.1</ele>
      </trkpt>
      <trkpt lat="44.672972" lon="5.762031">
        <ele>1229.6</ele>
      </trkpt>
      <trkpt lat="44.673002" lon="5.762159">
        <ele>1230.6</ele>
      </trkpt>
      <trkpt lat="44.672970" lon="5.762432">
        <ele>1233.4</ele>
      </trkpt>
      <trkpt lat="44.672915" lon="5.762729">
        <ele>1236.5</ele>
      </trkpt>
      <trkpt lat="44.672864" lon="5.762898">
        <ele>1238.3</ele>
      </trkpt>
      <trkpt lat="44.672720" lon="5.763328">
        <ele>1242.4</ele>
      </trkpt>
      <trkpt lat="44.672680" lon="5.763495">
        <ele>1244.2</ele>
      </trkpt>
      <trkpt lat="44.672647" lon="5.763673">
        <ele>1246.2</ele>
      </trkpt>
      <trkpt lat="44.672531" lon="5.764279">
        <ele>1252.9</ele>
      </trkpt>
      <trkpt lat="44.672414" lon="5.764885">
        <ele>1260.1</ele>
      </trkpt>
      <trkpt lat="44.672298" lon="5.765491">
        <ele>1266.7</ele>
      </trkpt>
      <trkpt lat="44.672284" lon="5.765732">
        <ele>1269.3</ele>
      </trkpt>
      <trkpt lat="44.672327" lon="5.766005">
        <ele>1272.2</ele>
      </trkpt>
      <trkpt lat="44.672348" lon="5.766281">
        <ele>1275.5</ele>
      </trkpt>
      <trkpt lat="44.672316" lon="5.766536">
        <ele>1278.7</ele>
      </trkpt>
      <trkpt lat="44.672220" lon="5.766777">
        <ele>1281.8</ele>
      </trkpt>
      <trkpt lat="44.672073" lon="5.767279">
        <ele>1288.5</ele>
      </trkpt>
      <trkpt lat="44.672049" lon="5.767393">
        <ele>1290.3</ele>
      </trkpt>
      <trkpt lat="44.671963" lon="5.767589">
        <ele>1294.0</ele>
      </trkpt>
      <trkpt lat="44.671892" lon="5.767697">
        <ele>1294.4</ele>
      </trkpt>
      <trkpt lat="44.671725" lon="5.768015">
        <ele>1296.5</ele>
      </trkpt>
      <trkpt lat="44.671576" lon="5.768398">
        <ele>1300.7</ele>
      </trkpt>
      <trkpt lat="44.671470" lon="5.768818">
        <ele>1306.5</ele>
      </trkpt>
      <trkpt lat="44.671363" lon="5.769239">
        <ele>1311.1</ele>
      </trkpt>
      <trkpt lat="44.671281" lon="5.769544">
        <ele>1313.9</ele>
      </trkpt>
      <trkpt lat="44.671148" lon="5.769955">
        <ele>1317.7</ele>
      </trkpt>
      <trkpt lat="44.671014" lon="5.770366">
        <ele>1322.9</ele>
      </trkpt>
      <trkpt lat="44.670948" lon="5.770663">
        <ele>1326.9</ele>
      </trkpt>
      <trkpt lat="44.670886" lon="5.771031">
        <ele>1331.8</ele>
      </trkpt>
      <trkpt lat="44.670825" lon="5.771399">
        <ele>1336.3</ele>
      </trkpt>
      <trkpt lat="44.670768" lon="5.771838">
        <ele>1341.4</ele>
      </trkpt>
      <trkpt lat="44.670767" lon="5.772047">
        <ele>1343.3</ele>
      </trkpt>
      <trkpt lat="44.670826" lon="5.772527">
        <ele>1348.7</ele>
      </trkpt>
      <trkpt lat="44.670901" lon="5.772932">
        <ele>1354.9</ele>
      </trkpt>
      <trkpt lat="44.670932" lon="5.773356">
        <ele>1360.4</ele>
      </trkpt>
      <trkpt lat="44.671082" lon="5.773829">
        <ele>1366.6</ele>
      </trkpt>
      <trkpt lat="44.671128" lon="5.774066">
        <ele>1369.8</ele>
      </trkpt>
      <trkpt lat="44.671141" lon="5.774282">
        <ele>1372.6</ele>
      </trkpt>
      <trkpt lat="44.671128" lon="5.774426">
        <ele>1374.7</ele>
      </trkpt>
      <trkpt lat="44.671047" lon="5.774813">
        <ele>1379.8</ele>
      </trkpt>
      <trkpt lat="44.670967" lon="5.775200">
        <ele>1384.8</ele>
      </trkpt>
      <trkpt lat="44.670836" lon="5.775535">
        <ele>1387.5</ele>
      </trkpt>
      <trkpt lat="44.671040" lon="5.775520">
        <ele>1388.0</ele>
      </trkpt>
      <trkpt lat="44.671236" lon="5.775740">
        <ele>1391.5</ele>
      </trkpt>
      <trkpt lat="44.671243" lon="5.776147">
        <ele>1397.9</ele>
      </trkpt>
      <trkpt lat="44.671221" lon="5.776502">
        <ele>1403.7</ele>
      </trkpt>
      <trkpt lat="44.671300" lon="5.777107">
        <ele>1413.7</ele>
      </trkpt>
      <trkpt lat="44.671358" lon="5.777436">
        <ele>1417.4</ele>
      </trkpt>
      <trkpt lat="44.671466" lon="5.777740">
        <ele>1424.5</ele>
      </trkpt>
      <trkpt lat="44.671468" lon="5.778056">
        <ele>1427.6</ele>
      </trkpt>
      <trkpt lat="44.671541" lon="5.778573">
        <ele>1432.9</ele>
      </trkpt>
      <trkpt lat="44.671603" lon="5.778945">
        <ele>1435.8</ele>
      </trkpt>
      <trkpt lat="44.671666" lon="5.779317">
        <ele>1442.3</ele>
      </trkpt>
      <trkpt lat="44.671724" lon="5.779865">
        <ele>1447.7</ele>
      </trkpt>
      <trkpt lat="44.671642" lon="5.780408">
        <ele>1457.0</ele>
      </trkpt>
      <trkpt lat="44.671578" lon="5.780742">
        <ele>1462.6</ele>
      </trkpt>
      <trkpt lat="44.671571" lon="5.781026">
        <ele>1467.0</ele>
      </trkpt>
      <trkpt lat="44.671530" lon="5.781525">
        <ele>1476.3</ele>
      </trkpt>
      <trkpt lat="44.671494" lon="5.781857">
        <ele>1483.1</ele>
      </trkpt>
      <trkpt lat="44.671468" lon="5.782088">
        <ele>1487.2</ele>
      </trkpt>
      <trkpt lat="44.671362" lon="5.782340">
        <ele>1491.9</ele>
      </trkpt>
      <trkpt lat="44.671327" lon="5.782472">
        <ele>1493.8</ele>
      </trkpt>
      <trkpt lat="44.671303" lon="5.782801">
        <ele>1498.8</ele>
      </trkpt>
      <trkpt lat="44.671265" lon="5.782940">
        <ele>1499.1</ele>
      </trkpt>
      <trkpt lat="44.671190" lon="5.783025">
        <ele>1499.2</ele>
      </trkpt>
      <trkpt lat="44.671020" lon="5.783002">
        <ele>1500.6</ele>
      </trkpt>
      <trkpt lat="44.670870" lon="5.783051">
        <ele>1499.9</ele>
      </trkpt>
      <trkpt lat="44.670562" lon="5.783468">
        <ele>1504.6</ele>
      </trkpt>
      <trkpt lat="44.670407" lon="5.783900">
        <ele>1514.3</ele>
      </trkpt>
      <trkpt lat="44.670365" lon="5.784134">
        <ele>1519.2</ele>
      </trkpt>
      <trkpt lat="44.670333" lon="5.784566">
        <ele>1527.6</ele>
      </trkpt>
      <trkpt lat="44.670130" lon="5.785053">
        <ele>1534.7</ele>
      </trkpt>
      <trkpt lat="44.670023" lon="5.785451">
        <ele>1540.0</ele>
      </trkpt>
      <trkpt lat="44.669916" lon="5.785850">
        <ele>1551.0</ele>
      </trkpt>
      <trkpt lat="44.669847" lon="5.786182">
        <ele>1556.9</ele>
      </trkpt>
      <trkpt lat="44.669777" lon="5.786514">
        <ele>1563.8</ele>
      </trkpt>
      <trkpt lat="44.669697" lon="5.786926">
        <ele>1572.3</ele>
      </trkpt>
      <trkpt lat="44.669675" lon="5.787374">
        <ele>1581.4</ele>
      </trkpt>
      <trkpt lat="44.669675" lon="5.787827">
        <ele>1591.8</ele>
      </trkpt>
      <trkpt lat="44.669719" lon="5.788125">
        <ele>1598.9</ele>
      </trkpt>
      <trkpt lat="44.669794" lon="5.788434">
        <ele>1608.0</ele>
      </trkpt>
      <trkpt lat="44.669792" lon="5.788915">
        <ele>1619.8</ele>
      </trkpt>
      <trkpt lat="44.669786" lon="5.789304">
        <ele>1627.2</ele>
      </trkpt>
      <trkpt lat="44.669775" lon="5.789628">
        <ele>1633.1</ele>
      </trkpt>
      <trkpt lat="44.669731" lon="5.789854">
        <ele>1638.5</ele>
      </trkpt>
      <trkpt lat="44.669693" lon="5.790090">
        <ele>1643.5</ele>
      </trkpt>
      <trkpt lat="44.669602" lon="5.790556">
        <ele>1654.9</ele>
      </trkpt>
      <trkpt lat="44.669576" lon="5.790814">
        <ele>1661.4</ele>
      </trkpt>
      <trkpt lat="44.669543" lon="5.790940">
        <ele>1665.1</ele>
      </trkpt>
      <trkpt lat="44.669529" lon="5.791051">
        <ele>1668.3</ele>
      </trkpt>
      <trkpt lat="44.669516" lon="5.791114">
        <ele>1669.3</ele>
      </trkpt>
      <trkpt lat="44.669511" lon="5.791168">
        <ele>1670.4</ele>
      </trkpt>
      <trkpt lat="44.669522" lon="5.791237">
        <ele>1672.1</ele>
      </trkpt>
      <trkpt lat="44.669513" lon="5.791289">
        <ele>1673.3</ele>
      </trkpt>
      <trkpt lat="44.669503" lon="5.791327">
        <ele>1674.2</ele>
      </trkpt>
      <trkpt lat="44.669516" lon="5.791347">
        <ele>1674.8</ele>
      </trkpt>
      <trkpt lat="44.669530" lon="5.791381">
        <ele>1675.9</ele>
      </trkpt>
      <trkpt lat="44.669508" lon="5.791434">
        <ele>1676.9</ele>
      </trkpt>
      <trkpt lat="44.669484" lon="5.791519">
        <ele>1678.3</ele>
      </trkpt>
      <trkpt lat="44.669495" lon="5.791625">
        <ele>1680.9</ele>
      </trkpt>
      <trkpt lat="44.669520" lon="5.791646">
        <ele>1682.1</ele>
      </trkpt>
      <trkpt lat="44.669536" lon="5.791660">
        <ele>1682.9</ele>
      </trkpt>
      <trkpt lat="44.669530" lon="5.791709">
        <ele>1684.2</ele>
      </trkpt>
      <trkpt lat="44.669519" lon="5.791768">
        <ele>1685.7</ele>
      </trkpt>
      <trkpt lat="44.669515" lon="5.791813">
        <ele>1686.8</ele>
      </trkpt>
      <trkpt lat="44.669542" lon="5.791859">
        <ele>1689.0</ele>
      </trkpt>
      <trkpt lat="44.669546" lon="5.791875">
        <ele>1689.6</ele>
      </trkpt>
      <trkpt lat="44.669528" lon="5.791912">
        <ele>1690.3</ele>
      </trkpt>
      <trkpt lat="44.669544" lon="5.791952">
        <ele>1691.9</ele>
      </trkpt>
      <trkpt lat="44.669562" lon="5.791983">
        <ele>1692.9</ele>
      </trkpt>
      <trkpt lat="44.669550" lon="5.792010">
        <ele>1693.6</ele>
      </trkpt>
      <trkpt lat="44.669543" lon="5.792049">
        <ele>1694.6</ele>
      </trkpt>
      <trkpt lat="44.669564" lon="5.792076">
        <ele>1695.8</ele>
      </trkpt>
      <trkpt lat="44.669567" lon="5.792106">
        <ele>1696.7</ele>
      </trkpt>
      <trkpt lat="44.669562" lon="5.792189">
        <ele>1699.1</ele>
      </trkpt>
      <trkpt lat="44.669572" lon="5.792230">
        <ele>1700.5</ele>
      </trkpt>
      <trkpt lat="44.669591" lon="5.792257">
        <ele>1701.4</ele>
      </trkpt>
      <trkpt lat="44.669588" lon="5.792291">
        <ele>1702.3</ele>
      </trkpt>
      <trkpt lat="44.669617" lon="5.792307">
        <ele>1703.3</ele>
      </trkpt>
      <trkpt lat="44.669626" lon="5.792329">
        <ele>1704.1</ele>
      </trkpt>
      <trkpt lat="44.669615" lon="5.792395">
        <ele>1705.8</ele>
      </trkpt>
      <trkpt lat="44.669608" lon="5.792425">
        <ele>1706.5</ele>
      </trkpt>
      <trkpt lat="44.669637" lon="5.792441">
        <ele>1707.8</ele>
      </trkpt>
      <trkpt lat="44.669626" lon="5.792481">
        <ele>1708.9</ele>
      </trkpt>
      <trkpt lat="44.669613" lon="5.792561">
        <ele>1710.8</ele>
      </trkpt>
      <trkpt lat="44.669620" lon="5.792605">
        <ele>1712.4</ele>
      </trkpt>
      <trkpt lat="44.669649" lon="5.792618">
        <ele>1713.8</ele>
      </trkpt>
      <trkpt lat="44.669654" lon="5.792658">
        <ele>1715.1</ele>
      </trkpt>
      <trkpt lat="44.669656" lon="5.792764">
        <ele>1718.4</ele>
      </trkpt>
      <trkpt lat="44.669650" lon="5.792918">
        <ele>1723.0</ele>
      </trkpt>
      <trkpt lat="44.669649" lon="5.792970">
        <ele>1724.4</ele>
      </trkpt>
      <trkpt lat="44.669646" lon="5.792999">
        <ele>1725.1</ele>
      </trkpt>
      <trkpt lat="44.669672" lon="5.793025">
        <ele>1726.6</ele>
      </trkpt>
      <trkpt lat="44.669697" lon="5.793018">
        <ele>1727.0</ele>
      </trkpt>
      <trkpt lat="44.669710" lon="5.793048">
        <ele>1728.3</ele>
      </trkpt>
      <trkpt lat="44.669701" lon="5.793081">
        <ele>1729.2</ele>
      </trkpt>
      <trkpt lat="44.669696" lon="5.793123">
        <ele>1730.4</ele>
      </trkpt>
      <trkpt lat="44.669675" lon="5.793187">
        <ele>1731.4</ele>
      </trkpt>
      <trkpt lat="44.669668" lon="5.793259">
        <ele>1733.5</ele>
      </trkpt>
      <trkpt lat="44.669653" lon="5.793311">
        <ele>1735.0</ele>
      </trkpt>
      <trkpt lat="44.669636" lon="5.793400">
        <ele>1737.6</ele>
      </trkpt>
      <trkpt lat="44.669623" lon="5.793437">
        <ele>1737.6</ele>
      </trkpt>
      <trkpt lat="44.669622" lon="5.793502">
        <ele>1739.3</ele>
      </trkpt>
      <trkpt lat="44.669614" lon="5.793547">
        <ele>1740.7</ele>
      </trkpt>
      <trkpt lat="44.669590" lon="5.793571">
        <ele>1740.8</ele>
      </trkpt>
      <trkpt lat="44.669571" lon="5.793646">
        <ele>1740.8</ele>
      </trkpt>
      <trkpt lat="44.669558" lon="5.793726">
        <ele>1742.3</ele>
      </trkpt>
      <trkpt lat="44.669547" lon="5.793747">
        <ele>1743.2</ele>
      </trkpt>
      <trkpt lat="44.669510" lon="5.793742">
        <ele>1744.3</ele>
      </trkpt>
      <trkpt lat="44.669479" lon="5.793721">
        <ele>1744.9</ele>
      </trkpt>
      <trkpt lat="44.669461" lon="5.793727">
        <ele>1746.1</ele>
      </trkpt>
      <trkpt lat="44.669458" lon="5.793771">
        <ele>1747.5</ele>
      </trkpt>
      <trkpt lat="44.669465" lon="5.793814">
        <ele>1748.5</ele>
      </trkpt>
      <trkpt lat="44.669494" lon="5.793855">
        <ele>1749.1</ele>
      </trkpt>
      <trkpt lat="44.669479" lon="5.793878">
        <ele>1750.1</ele>
      </trkpt>
      <trkpt lat="44.669449" lon="5.793885">
        <ele>1750.2</ele>
      </trkpt>
      <trkpt lat="44.669428" lon="5.793904">
        <ele>1750.4</ele>
      </trkpt>
      <trkpt lat="44.669426" lon="5.793953">
        <ele>1751.5</ele>
      </trkpt>
      <trkpt lat="44.669444" lon="5.794005">
        <ele>1753.1</ele>
      </trkpt>
      <trkpt lat="44.669470" lon="5.794081">
        <ele>1756.3</ele>
      </trkpt>
      <trkpt lat="44.669468" lon="5.794105">
        <ele>1757.4</ele>
      </trkpt>
      <trkpt lat="44.669482" lon="5.794144">
        <ele>1759.1</ele>
      </trkpt>
      <trkpt lat="44.669491" lon="5.794200">
        <ele>1761.4</ele>
      </trkpt>
      <trkpt lat="44.669517" lon="5.794252">
        <ele>1763.3</ele>
      </trkpt>
      <trkpt lat="44.669548" lon="5.794302">
        <ele>1764.6</ele>
      </trkpt>
      <trkpt lat="44.669553" lon="5.794384">
        <ele>1767.6</ele>
      </trkpt>
      <trkpt lat="44.669570" lon="5.794474">
        <ele>1770.7</ele>
      </trkpt>
      <trkpt lat="44.669604" lon="5.794552">
        <ele>1773.1</ele>
      </trkpt>
      <trkpt lat="44.669623" lon="5.794558">
        <ele>1773.2</ele>
      </trkpt>
      <trkpt lat="44.669655" lon="5.794550">
        <ele>1772.9</ele>
      </trkpt>
      <trkpt lat="44.669696" lon="5.794552">
        <ele>1773.4</ele>
      </trkpt>
      <trkpt lat="44.669723" lon="5.794551">
        <ele>1773.9</ele>
      </trkpt>
      <trkpt lat="44.669744" lon="5.794564">
        <ele>1774.7</ele>
      </trkpt>
      <trkpt lat="44.669755" lon="5.794613">
        <ele>1775.9</ele>
      </trkpt>
      <trkpt lat="44.669771" lon="5.794663">
        <ele>1777.7</ele>
      </trkpt>
      <trkpt lat="44.669793" lon="5.794690">
        <ele>1779.0</ele>
      </trkpt>
      <trkpt lat="44.669795" lon="5.794744">
        <ele>1780.7</ele>
      </trkpt>
      <trkpt lat="44.669803" lon="5.794793">
        <ele>1782.3</ele>
      </trkpt>
      <trkpt lat="44.669810" lon="5.794841">
        <ele>1783.6</ele>
      </trkpt>
      <trkpt lat="44.669828" lon="5.794879">
        <ele>1784.8</ele>
      </trkpt>
      <trkpt lat="44.669834" lon="5.794915">
        <ele>1785.8</ele>
      </trkpt>
      <trkpt lat="44.669826" lon="5.794945">
        <ele>1786.9</ele>
      </trkpt>
      <trkpt lat="44.669805" lon="5.794962">
        <ele>1787.1</ele>
      </trkpt>
      <trkpt lat="44.669758" lon="5.794999">
        <ele>1788.5</ele>
      </trkpt>
      <trkpt lat="44.669719" lon="5.795015">
        <ele>1789.1</ele>
      </trkpt>
      <trkpt lat="44.669690" lon="5.795042">
        <ele>1791.1</ele>
      </trkpt>
      <trkpt lat="44.669670" lon="5.795065">
        <ele>1792.2</ele>
      </trkpt>
      <trkpt lat="44.669625" lon="5.795113">
        <ele>1793.5</ele>
      </trkpt>
      <trkpt lat="44.669601" lon="5.795147">
        <ele>1795.2</ele>
      </trkpt>
      <trkpt lat="44.669576" lon="5.795173">
        <ele>1796.4</ele>
      </trkpt>
      <trkpt lat="44.669511" lon="5.795209">
        <ele>1797.7</ele>
      </trkpt>
      <trkpt lat="44.669470" lon="5.795241">
        <ele>1799.2</ele>
      </trkpt>
      <trkpt lat="44.669426" lon="5.795293">
        <ele>1801.6</ele>
      </trkpt>
      <trkpt lat="44.669393" lon="5.795324">
        <ele>1802.9</ele>
      </trkpt>
      <trkpt lat="44.669348" lon="5.795368">
        <ele>1804.8</ele>
      </trkpt>
      <trkpt lat="44.669338" lon="5.795405">
        <ele>1806.4</ele>
      </trkpt>
      <trkpt lat="44.669352" lon="5.795436">
        <ele>1807.6</ele>
      </trkpt>
      <trkpt lat="44.669347" lon="5.795465">
        <ele>1808.9</ele>
      </trkpt>
      <trkpt lat="44.669326" lon="5.795499">
        <ele>1810.2</ele>
      </trkpt>
      <trkpt lat="44.669256" lon="5.795550">
        <ele>1812.5</ele>
      </trkpt>
      <trkpt lat="44.669222" lon="5.795569">
        <ele>1813.6</ele>
      </trkpt>
      <trkpt lat="44.669207" lon="5.795589">
        <ele>1814.5</ele>
      </trkpt>
      <trkpt lat="44.669220" lon="5.795628">
        <ele>1815.9</ele>
      </trkpt>
      <trkpt lat="44.669240" lon="5.795653">
        <ele>1816.9</ele>
      </trkpt>
      <trkpt lat="44.669263" lon="5.795676">
        <ele>1817.9</ele>
      </trkpt>
      <trkpt lat="44.669279" lon="5.795698">
        <ele>1818.6</ele>
      </trkpt>
      <trkpt lat="44.669274" lon="5.795720">
        <ele>1819.5</ele>
      </trkpt>
      <trkpt lat="44.669243" lon="5.795732">
        <ele>1820.2</ele>
      </trkpt>
      <trkpt lat="44.669239" lon="5.795761">
        <ele>1821.4</ele>
      </trkpt>
      <trkpt lat="44.669225" lon="5.795793">
        <ele>1822.9</ele>
      </trkpt>
      <trkpt lat="44.669228" lon="5.795817">
        <ele>1823.8</ele>
      </trkpt>
      <trkpt lat="44.669247" lon="5.795844">
        <ele>1824.6</ele>
      </trkpt>
      <trkpt lat="44.669238" lon="5.795873">
        <ele>1825.7</ele>
      </trkpt>
      <trkpt lat="44.669219" lon="5.795888">
        <ele>1826.6</ele>
      </trkpt>
      <trkpt lat="44.669209" lon="5.795902">
        <ele>1827.3</ele>
      </trkpt>
      <trkpt lat="44.669208" lon="5.795932">
        <ele>1828.3</ele>
      </trkpt>
      <trkpt lat="44.669196" lon="5.795953">
        <ele>1829.3</ele>
      </trkpt>
      <trkpt lat="44.669168" lon="5.795967">
        <ele>1830.4</ele>
      </trkpt>
      <trkpt lat="44.669146" lon="5.795972">
        <ele>1830.8</ele>
      </trkpt>
      <trkpt lat="44.669142" lon="5.795998">
        <ele>1831.9</ele>
      </trkpt>
      <trkpt lat="44.669157" lon="5.796020">
        <ele>1832.6</ele>
      </trkpt>
      <trkpt lat="44.669153" lon="5.796044">
        <ele>1833.6</ele>
      </trkpt>
      <trkpt lat="44.669134" lon="5.796054">
        <ele>1834.2</ele>
      </trkpt>
      <trkpt lat="44.669137" lon="5.796091">
        <ele>1835.8</ele>
      </trkpt>
      <trkpt lat="44.669153" lon="5.796108">
        <ele>1836.3</ele>
      </trkpt>
      <trkpt lat="44.669134" lon="5.796124">
        <ele>1837.2</ele>
      </trkpt>
      <trkpt lat="44.669126" lon="5.796152">
        <ele>1838.5</ele>
      </trkpt>
      <trkpt lat="44.669142" lon="5.796187">
        <ele>1839.8</ele>
      </trkpt>
      <trkpt lat="44.669153" lon="5.796206">
        <ele>1840.5</ele>
      </trkpt>
      <trkpt lat="44.669128" lon="5.796221">
        <ele>1841.5</ele>
      </trkpt>
      <trkpt lat="44.669126" lon="5.796264">
        <ele>1843.3</ele>
      </trkpt>
      <trkpt lat="44.669113" lon="5.796303">
        <ele>1845.1</ele>
      </trkpt>
      <trkpt lat="44.669092" lon="5.796316">
        <ele>1846.1</ele>
      </trkpt>
      <trkpt lat="44.669048" lon="5.796306">
        <ele>1847.4</ele>
      </trkpt>
      <trkpt lat="44.668968" lon="5.796289">
        <ele>1849.5</ele>
      </trkpt>
      <trkpt lat="44.668952" lon="5.796299">
        <ele>1850.6</ele>
      </trkpt>
      <trkpt lat="44.668965" lon="5.796342">
        <ele>1851.8</ele>
      </trkpt>
      <trkpt lat="44.669005" lon="5.796392">
        <ele>1852.1</ele>
      </trkpt>
      <trkpt lat="44.669070" lon="5.796458">
        <ele>1852.6</ele>
      </trkpt>
      <trkpt lat="44.669105" lon="5.796488">
        <ele>1853.5</ele>
      </trkpt>
      <trkpt lat="44.669147" lon="5.796539">
        <ele>1855.2</ele>
      </trkpt>
      <trkpt lat="44.669149" lon="5.796571">
        <ele>1856.5</ele>
      </trkpt>
      <trkpt lat="44.669128" lon="5.796599">
        <ele>1857.9</ele>
      </trkpt>
      <trkpt lat="44.669093" lon="5.796614">
        <ele>1858.8</ele>
      </trkpt>
      <trkpt lat="44.669056" lon="5.796630">
        <ele>1860.0</ele>
      </trkpt>
      <trkpt lat="44.669033" lon="5.796637">
        <ele>1860.8</ele>
      </trkpt>
      <trkpt lat="44.669038" lon="5.796661">
        <ele>1861.7</ele>
      </trkpt>
      <trkpt lat="44.669073" lon="5.796695">
        <ele>1862.5</ele>
      </trkpt>
      <trkpt lat="44.669114" lon="5.796729">
        <ele>1863.4</ele>
      </trkpt>
      <trkpt lat="44.669150" lon="5.796761">
        <ele>1864.8</ele>
      </trkpt>
      <trkpt lat="44.669175" lon="5.796811">
        <ele>1866.7</ele>
      </trkpt>
      <trkpt lat="44.669184" lon="5.796843">
        <ele>1868.0</ele>
      </trkpt>
      <trkpt lat="44.669209" lon="5.796860">
        <ele>1868.7</ele>
      </trkpt>
      <trkpt lat="44.669237" lon="5.796883">
        <ele>1869.8</ele>
      </trkpt>
      <trkpt lat="44.669260" lon="5.796903">
        <ele>1871.0</ele>
      </trkpt>
      <trkpt lat="44.669260" lon="5.796926">
        <ele>1872.1</ele>
      </trkpt>
      <trkpt lat="44.669229" lon="5.796964">
        <ele>1873.4</ele>
      </trkpt>
      <trkpt lat="44.669173" lon="5.797034">
        <ele>1876.3</ele>
      </trkpt>
      <trkpt lat="44.669159" lon="5.797093">
        <ele>1879.0</ele>
      </trkpt>
      <trkpt lat="44.669159" lon="5.797162">
        <ele>1882.4</ele>
      </trkpt>
      <trkpt lat="44.669173" lon="5.797200">
        <ele>1884.1</ele>
      </trkpt>
      <trkpt lat="44.669232" lon="5.797258">
        <ele>1887.1</ele>
      </trkpt>
      <trkpt lat="44.669249" lon="5.797277">
        <ele>1888.1</ele>
      </trkpt>
      <trkpt lat="44.669226" lon="5.797320">
        <ele>1889.8</ele>
      </trkpt>
      <trkpt lat="44.669198" lon="5.797334">
        <ele>1890.9</ele>
      </trkpt>
      <trkpt lat="44.669167" lon="5.797351">
        <ele>1891.6</ele>
      </trkpt>
      <trkpt lat="44.669155" lon="5.797380">
        <ele>1892.8</ele>
      </trkpt>
      <trkpt lat="44.669175" lon="5.797416">
        <ele>1894.1</ele>
      </trkpt>
      <trkpt lat="44.669173" lon="5.797443">
        <ele>1895.2</ele>
      </trkpt>
      <trkpt lat="44.669156" lon="5.797465">
        <ele>1896.1</ele>
      </trkpt>
      <trkpt lat="44.669165" lon="5.797504">
        <ele>1897.7</ele>
      </trkpt>
      <trkpt lat="44.669175" lon="5.797540">
        <ele>1899.0</ele>
      </trkpt>
      <trkpt lat="44.669159" lon="5.797568">
        <ele>1900.2</ele>
      </trkpt>
      <trkpt lat="44.669155" lon="5.797607">
        <ele>1902.0</ele>
      </trkpt>
      <trkpt lat="44.669132" lon="5.797631">
        <ele>1903.3</ele>
      </trkpt>
      <trkpt lat="44.669116" lon="5.797655">
        <ele>1904.4</ele>
      </trkpt>
      <trkpt lat="44.669132" lon="5.797685">
        <ele>1905.8</ele>
      </trkpt>
      <trkpt lat="44.669148" lon="5.797705">
        <ele>1906.7</ele>
      </trkpt>
      <trkpt lat="44.669137" lon="5.797743">
        <ele>1908.3</ele>
      </trkpt>
      <trkpt lat="44.669121" lon="5.797776">
        <ele>1909.7</ele>
      </trkpt>
      <trkpt lat="44.669124" lon="5.797801">
        <ele>1910.9</ele>
      </trkpt>
      <trkpt lat="44.669149" lon="5.797834">
        <ele>1912.4</ele>
      </trkpt>
      <trkpt lat="44.669152" lon="5.797873">
        <ele>1914.3</ele>
      </trkpt>
      <trkpt lat="44.669150" lon="5.797910">
        <ele>1916.1</ele>
      </trkpt>
      <trkpt lat="44.669162" lon="5.797936">
        <ele>1917.2</ele>
      </trkpt>
      <trkpt lat="44.669137" lon="5.797965">
        <ele>1918.7</ele>
      </trkpt>
      <trkpt lat="44.669105" lon="5.798013">
        <ele>1921.4</ele>
      </trkpt>
      <trkpt lat="44.669069" lon="5.798031">
        <ele>1922.5</ele>
      </trkpt>
      <trkpt lat="44.669041" lon="5.798053">
        <ele>1923.4</ele>
      </trkpt>
      <trkpt lat="44.669023" lon="5.798095">
        <ele>1924.8</ele>
      </trkpt>
      <trkpt lat="44.669021" lon="5.798136">
        <ele>1926.3</ele>
      </trkpt>
      <trkpt lat="44.669050" lon="5.798171">
        <ele>1928.1</ele>
      </trkpt>
      <trkpt lat="44.669094" lon="5.798198">
        <ele>1929.6</ele>
      </trkpt>
      <trkpt lat="44.669119" lon="5.798221">
        <ele>1930.5</ele>
      </trkpt>
      <trkpt lat="44.669110" lon="5.798251">
        <ele>1931.4</ele>
      </trkpt>
      <trkpt lat="44.669103" lon="5.798282">
        <ele>1932.3</ele>
      </trkpt>
      <trkpt lat="44.669117" lon="5.798335">
        <ele>1934.1</ele>
      </trkpt>
      <trkpt lat="44.669114" lon="5.798360">
        <ele>1935.0</ele>
      </trkpt>
      <trkpt lat="44.669092" lon="5.798387">
        <ele>1935.9</ele>
      </trkpt>
      <trkpt lat="44.669103" lon="5.798416">
        <ele>1936.9</ele>
      </trkpt>
      <trkpt lat="44.669121" lon="5.798437">
        <ele>1937.7</ele>
      </trkpt>
      <trkpt lat="44.669133" lon="5.798463">
        <ele>1938.7</ele>
      </trkpt>
      <trkpt lat="44.669151" lon="5.798486">
        <ele>1939.6</ele>
      </trkpt>
      <trkpt lat="44.669131" lon="5.798511">
        <ele>1940.5</ele>
      </trkpt>
      <trkpt lat="44.669123" lon="5.798533">
        <ele>1941.3</ele>
      </trkpt>
      <trkpt lat="44.669140" lon="5.798556">
        <ele>1942.2</ele>
      </trkpt>
      <trkpt lat="44.669164" lon="5.798561">
        <ele>1942.3</ele>
      </trkpt>
      <trkpt lat="44.669169" lon="5.798581">
        <ele>1943.0</ele>
      </trkpt>
      <trkpt lat="44.669164" lon="5.798612">
        <ele>1944.2</ele>
      </trkpt>
      <trkpt lat="44.669173" lon="5.798643">
        <ele>1945.2</ele>
      </trkpt>
      <trkpt lat="44.669196" lon="5.798680">
        <ele>1946.2</ele>
      </trkpt>
      <trkpt lat="44.669183" lon="5.798715">
        <ele>1947.6</ele>
      </trkpt>
      <trkpt lat="44.669162" lon="5.798753">
        <ele>1949.3</ele>
      </trkpt>
      <trkpt lat="44.669046" lon="5.798850">
        <ele>1953.3</ele>
      </trkpt>
      <trkpt lat="44.669035" lon="5.798875">
        <ele>1953.9</ele>
      </trkpt>
      <trkpt lat="44.669041" lon="5.798909">
        <ele>1955.0</ele>
      </trkpt>
      <trkpt lat="44.669057" lon="5.798944">
        <ele>1956.1</ele>
      </trkpt>
      <trkpt lat="44.669074" lon="5.798974">
        <ele>1957.1</ele>
      </trkpt>
      <trkpt lat="44.669079" lon="5.799012">
        <ele>1958.2</ele>
      </trkpt>
      <trkpt lat="44.669090" lon="5.799060">
        <ele>1959.5</ele>
      </trkpt>
      <trkpt lat="44.669096" lon="5.799100">
        <ele>1960.7</ele>
      </trkpt>
      <trkpt lat="44.669128" lon="5.799208">
        <ele>1964.1</ele>
      </trkpt>
      <trkpt lat="44.669153" lon="5.799237">
        <ele>1964.7</ele>
      </trkpt>
      <trkpt lat="44.669171" lon="5.799279">
        <ele>1965.9</ele>
      </trkpt>
      <trkpt lat="44.669190" lon="5.799318">
        <ele>1967.0</ele>
      </trkpt>
      <trkpt lat="44.669177" lon="5.799338">
        <ele>1967.7</ele>
      </trkpt>
      <trkpt lat="44.669156" lon="5.799359">
        <ele>1968.5</ele>
      </trkpt>
      <trkpt lat="44.669164" lon="5.799390">
        <ele>1969.4</ele>
      </trkpt>
      <trkpt lat="44.669157" lon="5.799404">
        <ele>1969.8</ele>
      </trkpt>
      <trkpt lat="44.669142" lon="5.799449">
        <ele>1971.3</ele>
      </trkpt>
      <trkpt lat="44.669136" lon="5.799475">
        <ele>1972.2</ele>
      </trkpt>
      <trkpt lat="44.669140" lon="5.799499">
        <ele>1972.9</ele>
      </trkpt>
      <trkpt lat="44.669123" lon="5.799520">
        <ele>1973.9</ele>
      </trkpt>
      <trkpt lat="44.669124" lon="5.799555">
        <ele>1975.1</ele>
      </trkpt>
      <trkpt lat="44.669108" lon="5.799598">
        <ele>1976.8</ele>
      </trkpt>
      <trkpt lat="44.669111" lon="5.799632">
        <ele>1977.8</ele>
      </trkpt>
      <trkpt lat="44.669129" lon="5.799656">
        <ele>1978.3</ele>
      </trkpt>
      <trkpt lat="44.669150" lon="5.799711">
        <ele>1979.8</ele>
      </trkpt>
      <trkpt lat="44.669143" lon="5.799769">
        <ele>1981.5</ele>
      </trkpt>
      <trkpt lat="44.669134" lon="5.799820">
        <ele>1983.1</ele>
      </trkpt>
      <trkpt lat="44.669095" lon="5.799960">
        <ele>1987.6</ele>
      </trkpt>
      <trkpt lat="44.669033" lon="5.800520">
        <ele>2003.8</ele>
      </trkpt>
      <trkpt lat="44.669084" lon="5.801096">
        <ele>1996.9</ele>
      </trkpt>
      <trkpt lat="44.669143" lon="5.801634">
        <ele>1982.2</ele>
      </trkpt>
      <trkpt lat="44.669203" lon="5.802171">
        <ele>1968.0</ele>
      </trkpt>
      <trkpt lat="44.669233" lon="5.802645">
        <ele>1956.0</ele>
      </trkpt>
      <trkpt lat="44.669264" lon="5.803120">
        <ele>1946.1</ele>
      </trkpt>
      <trkpt lat="44.669294" lon="5.803594">
        <ele>1939.0</ele>
      </trkpt>
      <trkpt lat="44.669389" lon="5.803954">
        <ele>1932.6</ele>
      </trkpt>
      <trkpt lat="44.669483" lon="5.804314">
        <ele>1926.5</ele>
      </trkpt>
      <trkpt lat="44.669507" lon="5.804445">
        <ele>1924.8</ele>
      </trkpt>
      <trkpt lat="44.669522" lon="5.804526">
        <ele>1923.9</ele>
      </trkpt>
      <trkpt lat="44.669494" lon="5.804695">
        <ele>1921.5</ele>
      </trkpt>
      <trkpt lat="44.669523" lon="5.805200">
        <ele>1914.1</ele>
      </trkpt>
      <trkpt lat="44.669543" lon="5.805318">
        <ele>1912.8</ele>
      </trkpt>
      <trkpt lat="44.669523" lon="5.805382">
        <ele>1911.4</ele>
      </trkpt>
      <trkpt lat="44.669502" lon="5.805535">
        <ele>1907.9</ele>
      </trkpt>
      <trkpt lat="44.669443" lon="5.805765">
        <ele>1903.9</ele>
      </trkpt>
      <trkpt lat="44.669427" lon="5.806032">
        <ele>1899.2</ele>
      </trkpt>
      <trkpt lat="44.669460" lon="5.806155">
        <ele>1897.5</ele>
      </trkpt>
      <trkpt lat="44.669457" lon="5.806417">
        <ele>1894.7</ele>
      </trkpt>
      <trkpt lat="44.669461" lon="5.806633">
        <ele>1893.1</ele>
      </trkpt>
      <trkpt lat="44.669479" lon="5.806889">
        <ele>1889.0</ele>
      </trkpt>
      <trkpt lat="44.669494" lon="5.807082">
        <ele>1886.8</ele>
      </trkpt>
      <trkpt lat="44.669542" lon="5.807409">
        <ele>1882.9</ele>
      </trkpt>
      <trkpt lat="44.669560" lon="5.807657">
        <ele>1878.8</ele>
      </trkpt>
      <trkpt lat="44.669531" lon="5.807763">
        <ele>1877.3</ele>
      </trkpt>
      <trkpt lat="44.669555" lon="5.807989">
        <ele>1874.2</ele>
      </trkpt>
      <trkpt lat="44.669560" lon="5.808162">
        <ele>1872.3</ele>
      </trkpt>
      <trkpt lat="44.669573" lon="5.808371">
        <ele>1869.2</ele>
      </trkpt>
      <trkpt lat="44.669604" lon="5.808476">
        <ele>1867.6</ele>
      </trkpt>
      <trkpt lat="44.669633" lon="5.808558">
        <ele>1866.3</ele>
      </trkpt>
      <trkpt lat="44.669668" lon="5.808650">
        <ele>1864.6</ele>
      </trkpt>
      <trkpt lat="44.669704" lon="5.808912">
        <ele>1861.8</ele>
      </trkpt>
      <trkpt lat="44.669778" lon="5.809175">
        <ele>1859.0</ele>
      </trkpt>
      <trkpt lat="44.669838" lon="5.809365">
        <ele>1857.3</ele>
      </trkpt>
      <trkpt lat="44.669906" lon="5.809573">
        <ele>1856.5</ele>
      </trkpt>
      <trkpt lat="44.669960" lon="5.809717">
        <ele>1855.0</ele>
      </trkpt>
      <trkpt lat="44.669986" lon="5.809793">
        <ele>1854.5</ele>
      </trkpt>
      <trkpt lat="44.670042" lon="5.809831">
        <ele>1853.8</ele>
      </trkpt>
      <trkpt lat="44.670246" lon="5.809974">
        <ele>1852.1</ele>
      </trkpt>
      <trkpt lat="44.670517" lon="5.810236">
        <ele>1849.9</ele>
      </trkpt>
      <trkpt lat="44.670618" lon="5.810466">
        <ele>1847.9</ele>
      </trkpt>
      <trkpt lat="44.670704" lon="5.810669">
        <ele>1846.3</ele>
      </trkpt>
      <trkpt lat="44.670736" lon="5.810721">
        <ele>1845.9</ele>
      </trkpt>
      <trkpt lat="44.670794" lon="5.810779">
        <ele>1845.4</ele>
      </trkpt>
      <trkpt lat="44.670822" lon="5.810854">
        <ele>1845.2</ele>
      </trkpt>
      <trkpt lat="44.670855" lon="5.810918">
        <ele>1844.9</ele>
      </trkpt>
      <trkpt lat="44.670915" lon="5.811175">
        <ele>1843.7</ele>
      </trkpt>
      <trkpt lat="44.670977" lon="5.811353">
        <ele>1842.8</ele>
      </trkpt>
      <trkpt lat="44.670976" lon="5.811487">
        <ele>1842.1</ele>
      </trkpt>
      <trkpt lat="44.670967" lon="5.811790">
        <ele>1841.3</ele>
      </trkpt>
      <trkpt lat="44.670956" lon="5.811927">
        <ele>1840.5</ele>
      </trkpt>
      <trkpt lat="44.670935" lon="5.812126">
        <ele>1839.9</ele>
      </trkpt>
      <trkpt lat="44.670945" lon="5.812255">
        <ele>1839.6</ele>
      </trkpt>
      <trkpt lat="44.671000" lon="5.812446">
        <ele>1839.6</ele>
      </trkpt>
      <trkpt lat="44.671036" lon="5.812660">
        <ele>1839.5</ele>
      </trkpt>
      <trkpt lat="44.671028" lon="5.812903">
        <ele>1838.9</ele>
      </trkpt>
      <trkpt lat="44.670990" lon="5.813126">
        <ele>1837.2</ele>
      </trkpt>
      <trkpt lat="44.670998" lon="5.813378">
        <ele>1835.5</ele>
      </trkpt>
      <trkpt lat="44.671014" lon="5.813484">
        <ele>1835.6</ele>
      </trkpt>
      <trkpt lat="44.670986" lon="5.813572">
        <ele>1835.2</ele>
      </trkpt>
      <trkpt lat="44.670950" lon="5.813742">
        <ele>1834.9</ele>
      </trkpt>
      <trkpt lat="44.670943" lon="5.813800">
        <ele>1835.2</ele>
      </trkpt>
      <trkpt lat="44.670888" lon="5.813912">
        <ele>1834.7</ele>
      </trkpt>
      <trkpt lat="44.670864" lon="5.814058">
        <ele>1834.2</ele>
      </trkpt>
      <trkpt lat="44.670844" lon="5.814222">
        <ele>1832.8</ele>
      </trkpt>
      <trkpt lat="44.670822" lon="5.814394">
        <ele>1833.3</ele>
      </trkpt>
      <trkpt lat="44.670790" lon="5.814609">
        <ele>1832.4</ele>
      </trkpt>
      <trkpt lat="44.670760" lon="5.814736">
        <ele>1832.3</ele>
      </trkpt>
      <trkpt lat="44.670726" lon="5.814964">
        <ele>1830.8</ele>
      </trkpt>
      <trkpt lat="44.670705" lon="5.815089">
        <ele>1830.2</ele>
      </trkpt>
      <trkpt lat="44.670689" lon="5.815292">
        <ele>1830.4</ele>
      </trkpt>
      <trkpt lat="44.670695" lon="5.815515">
        <ele>1829.8</ele>
      </trkpt>
      <trkpt lat="44.670751" lon="5.816017">
        <ele>1827.2</ele>
      </trkpt>
      <trkpt lat="44.670809" lon="5.816440">
        <ele>1824.9</ele>
      </trkpt>
      <trkpt lat="44.670867" lon="5.816864">
        <ele>1823.0</ele>
      </trkpt>
      <trkpt lat="44.670907" lon="5.817207">
        <ele>1822.6</ele>
      </trkpt>
      <trkpt lat="44.670946" lon="5.817550">
        <ele>1822.3</ele>
      </trkpt>
      <trkpt lat="44.670969" lon="5.817984">
        <ele>1820.6</ele>
      </trkpt>
      <trkpt lat="44.670949" lon="5.818226">
        <ele>1819.4</ele>
      </trkpt>
      <trkpt lat="44.670855" lon="5.818760">
        <ele>1817.5</ele>
      </trkpt>
      <trkpt lat="44.670870" lon="5.819137">
        <ele>1816.0</ele>
      </trkpt>
      <trkpt lat="44.670971" lon="5.819625">
        <ele>1815.8</ele>
      </trkpt>
      <trkpt lat="44.671073" lon="5.820112">
        <ele>1815.4</ele>
      </trkpt>
      <trkpt lat="44.671145" lon="5.820529">
        <ele>1814.9</ele>
      </trkpt>
      <trkpt lat="44.671224" lon="5.820877">
        <ele>1813.9</ele>
      </trkpt>
      <trkpt lat="44.671303" lon="5.821224">
        <ele>1812.5</ele>
      </trkpt>
      <trkpt lat="44.671379" lon="5.821468">
        <ele>1811.8</ele>
      </trkpt>
      <trkpt lat="44.671437" lon="5.821728">
        <ele>1811.1</ele>
      </trkpt>
      <trkpt lat="44.671452" lon="5.822055">
        <ele>1810.8</ele>
      </trkpt>
      <trkpt lat="44.671546" lon="5.822582">
        <ele>1809.2</ele>
      </trkpt>
      <trkpt lat="44.671543" lon="5.822721">
        <ele>1809.4</ele>
      </trkpt>
      <trkpt lat="44.671434" lon="5.823158">
        <ele>1808.1</ele>
      </trkpt>
      <trkpt lat="44.671243" lon="5.823704">
        <ele>1805.4</ele>
      </trkpt>
      <trkpt lat="44.671181" lon="5.823850">
        <ele>1804.8</ele>
      </trkpt>
      <trkpt lat="44.671114" lon="5.823914">
        <ele>1804.0</ele>
      </trkpt>
      <trkpt lat="44.671025" lon="5.824059">
        <ele>1803.3</ele>
      </trkpt>
      <trkpt lat="44.670948" lon="5.824152">
        <ele>1803.6</ele>
      </trkpt>
      <trkpt lat="44.670888" lon="5.824269">
        <ele>1804.5</ele>
      </trkpt>
      <trkpt lat="44.670797" lon="5.824493">
        <ele>1804.8</ele>
      </trkpt>
      <trkpt lat="44.670752" lon="5.824528">
        <ele>1804.5</ele>
      </trkpt>
      <trkpt lat="44.670684" lon="5.824575">
        <ele>1803.5</ele>
      </trkpt>
      <trkpt lat="44.670585" lon="5.824654">
        <ele>1803.6</ele>
      </trkpt>
      <trkpt lat="44.670514" lon="5.824750">
        <ele>1803.4</ele>
      </trkpt>
      <trkpt lat="44.670472" lon="5.824835">
        <ele>1803.4</ele>
      </trkpt>
      <trkpt lat="44.670432" lon="5.824990">
        <ele>1803.2</ele>
      </trkpt>
      <trkpt lat="44.670426" lon="5.825083">
        <ele>1802.8</ele>
      </trkpt>
      <trkpt lat="44.670417" lon="5.825163">
        <ele>1802.7</ele>
      </trkpt>
      <trkpt lat="44.670387" lon="5.825168">
        <ele>1802.3</ele>
      </trkpt>
      <trkpt lat="44.670209" lon="5.825199">
        <ele>1801.7</ele>
      </trkpt>
      <trkpt lat="44.670109" lon="5.825217">
        <ele>1802.2</ele>
      </trkpt>
      <trkpt lat="44.669941" lon="5.825263">
        <ele>1805.1</ele>
      </trkpt>
      <trkpt lat="44.669718" lon="5.825126">
        <ele>1808.1</ele>
      </trkpt>
      <trkpt lat="44.669514" lon="5.824885">
        <ele>1810.8</ele>
      </trkpt>
      <trkpt lat="44.669404" lon="5.824617">
        <ele>1812.7</ele>
      </trkpt>
      <trkpt lat="44.669352" lon="5.824412">
        <ele>1813.8</ele>
      </trkpt>
      <trkpt lat="44.669122" lon="5.824362">
        <ele>1817.7</ele>
      </trkpt>
      <trkpt lat="44.668873" lon="5.824266">
        <ele>1821.8</ele>
      </trkpt>
      <trkpt lat="44.668616" lon="5.824357">
        <ele>1826.9</ele>
      </trkpt>
      <trkpt lat="44.668359" lon="5.824448">
        <ele>1832.2</ele>
      </trkpt>
      <trkpt lat="44.668006" lon="5.824517">
        <ele>1842.4</ele>
      </trkpt>
      <trkpt lat="44.667762" lon="5.824628">
        <ele>1849.9</ele>
      </trkpt>
      <trkpt lat="44.667518" lon="5.824739">
        <ele>1856.1</ele>
      </trkpt>
      <trkpt lat="44.667450" lon="5.824803">
        <ele>1857.6</ele>
      </trkpt>
      <trkpt lat="44.667375" lon="5.824849">
        <ele>1859.1</ele>
      </trkpt>
      <trkpt lat="44.667211" lon="5.824953">
        <ele>1862.9</ele>
      </trkpt>
      <trkpt lat="44.667084" lon="5.825167">
        <ele>1869.5</ele>
      </trkpt>
      <trkpt lat="44.666832" lon="5.825431">
        <ele>1881.2</ele>
      </trkpt>
      <trkpt lat="44.666680" lon="5.825522">
        <ele>1885.6</ele>
      </trkpt>
      <trkpt lat="44.666502" lon="5.825795">
        <ele>1896.0</ele>
      </trkpt>
      <trkpt lat="44.666408" lon="5.825786">
        <ele>1899.4</ele>
      </trkpt>
      <trkpt lat="44.666206" lon="5.825993">
        <ele>1911.6</ele>
      </trkpt>
      <trkpt lat="44.666004" lon="5.826200">
        <ele>1920.9</ele>
      </trkpt>
      <trkpt lat="44.665816" lon="5.826445">
        <ele>1930.3</ele>
      </trkpt>
      <trkpt lat="44.665562" lon="5.826837">
        <ele>1944.4</ele>
      </trkpt>
      <trkpt lat="44.665233" lon="5.827121">
        <ele>1943.4</ele>
      </trkpt>
      <trkpt lat="44.664903" lon="5.827406">
        <ele>1937.9</ele>
      </trkpt>
      <trkpt lat="44.664574" lon="5.827691">
        <ele>1933.9</ele>
      </trkpt>
      <trkpt lat="44.664245" lon="5.827975">
        <ele>1930.3</ele>
      </trkpt>
      <trkpt lat="44.663916" lon="5.828260">
        <ele>1929.3</ele>
      </trkpt>
      <trkpt lat="44.663587" lon="5.828545">
        <ele>1927.2</ele>
      </trkpt>
      <trkpt lat="44.663345" lon="5.828951">
        <ele>1920.1</ele>
      </trkpt>
      <trkpt lat="44.663103" lon="5.829356">
        <ele>1916.3</ele>
      </trkpt>
      <trkpt lat="44.662861" lon="5.829762">
        <ele>1920.8</ele>
      </trkpt>
      <trkpt lat="44.662619" lon="5.830168">
        <ele>1928.5</ele>
      </trkpt>
      <trkpt lat="44.662378" lon="5.830574">
        <ele>1940.0</ele>
      </trkpt>
      <trkpt lat="44.662136" lon="5.830980">
        <ele>1955.3</ele>
      </trkpt>
      <trkpt lat="44.661828" lon="5.831323">
        <ele>1972.6</ele>
      </trkpt>
      <trkpt lat="44.661521" lon="5.831666">
        <ele>1985.6</ele>
      </trkpt>
      <trkpt lat="44.661213" lon="5.832009">
        <ele>1993.8</ele>
      </trkpt>
      <trkpt lat="44.660905" lon="5.832353">
        <ele>2001.8</ele>
      </trkpt>
      <trkpt lat="44.660598" lon="5.832696">
        <ele>2013.9</ele>
      </trkpt>
      <trkpt lat="44.660290" lon="5.833039">
        <ele>2019.4</ele>
      </trkpt>
      <trkpt lat="44.659982" lon="5.833382">
        <ele>2021.4</ele>
      </trkpt>
      <trkpt lat="44.659643" lon="5.833645">
        <ele>2029.2</ele>
      </trkpt>
      <trkpt lat="44.659304" lon="5.833909">
        <ele>2034.5</ele>
      </trkpt>
      <trkpt lat="44.658964" lon="5.834172">
        <ele>2040.0</ele>
      </trkpt>
      <trkpt lat="44.658625" lon="5.834435">
        <ele>2050.4</ele>
      </trkpt>
      <trkpt lat="44.658387" lon="5.834899">
        <ele>2049.0</ele>
      </trkpt>
      <trkpt lat="44.658150" lon="5.835363">
        <ele>2047.8</ele>
      </trkpt>
      <trkpt lat="44.657912" lon="5.835827">
        <ele>2050.2</ele>
      </trkpt>
      <trkpt lat="44.657602" lon="5.836226">
        <ele>2044.2</ele>
      </trkpt>
      <trkpt lat="44.657293" lon="5.836625">
        <ele>2035.1</ele>
      </trkpt>
      <trkpt lat="44.656983" lon="5.837023">
        <ele>2023.4</ele>
      </trkpt>
      <trkpt lat="44.656673" lon="5.837422">
        <ele>2012.2</ele>
      </trkpt>
      <trkpt lat="44.656363" lon="5.837821">
        <ele>2001.2</ele>
      </trkpt>
      <trkpt lat="44.656054" lon="5.838219">
        <ele>1992.4</ele>
      </trkpt>
      <trkpt lat="44.655744" lon="5.838618">
        <ele>1981.4</ele>
      </trkpt>
      <trkpt lat="44.655434" lon="5.839017">
        <ele>1966.7</ele>
      </trkpt>
      <trkpt lat="44.655125" lon="5.839415">
        <ele>1955.5</ele>
      </trkpt>
      <trkpt lat="44.654815" lon="5.839814">
        <ele>1944.4</ele>
      </trkpt>
      <trkpt lat="44.654505" lon="5.840213">
        <ele>1935.2</ele>
      </trkpt>
      <trkpt lat="44.654195" lon="5.840611">
        <ele>1931.7</ele>
      </trkpt>
      <trkpt lat="44.653886" lon="5.841010">
        <ele>1922.9</ele>
      </trkpt>
      <trkpt lat="44.653584" lon="5.841404">
        <ele>1910.5</ele>
      </trkpt>
      <trkpt lat="44.653281" lon="5.841799">
        <ele>1890.9</ele>
      </trkpt>
      <trkpt lat="44.652979" lon="5.842193">
        <ele>1864.4</ele>
      </trkpt>
      <trkpt lat="44.652677" lon="5.842587">
        <ele>1844.1</ele>
      </trkpt>
      <trkpt lat="44.652375" lon="5.842982">
        <ele>1822.5</ele>
      </trkpt>
      <trkpt lat="44.652073" lon="5.843376">
        <ele>1800.8</ele>
      </trkpt>
      <trkpt lat="44.651770" lon="5.843771">
        <ele>1782.1</ele>
      </trkpt>
      <trkpt lat="44.651468" lon="5.844165">
        <ele>1766.6</ele>
      </trkpt>
      <trkpt lat="44.651045" lon="5.844241">
        <ele>1757.2</ele>
      </trkpt>
      <trkpt lat="44.650621" lon="5.844316">
        <ele>1729.2</ele>
      </trkpt>
      <trkpt lat="44.650197" lon="5.844392">
        <ele>1708.0</ele>
      </trkpt>
      <trkpt lat="44.649773" lon="5.844468">
        <ele>1688.9</ele>
      </trkpt>
      <trkpt lat="44.649350" lon="5.844543">
        <ele>1666.0</ele>
      </trkpt>
      <trkpt lat="44.648975" lon="5.844853">
        <ele>1638.1</ele>
      </trkpt>
      <trkpt lat="44.648600" lon="5.845162">
        <ele>1618.6</ele>
      </trkpt>
      <trkpt lat="44.648226" lon="5.845471">
        <ele>1596.9</ele>
      </trkpt>
      <trkpt lat="44.647851" lon="5.845781">
        <ele>1573.6</ele>
      </trkpt>
      <trkpt lat="44.647477" lon="5.846090">
        <ele>1555.7</ele>
      </trkpt>
      <trkpt lat="44.647543" lon="5.845924">
        <ele>1562.0</ele>
      </trkpt>
      <trkpt lat="44.647493" lon="5.845884">
        <ele>1563.0</ele>
      </trkpt>
      <trkpt lat="44.647234" lon="5.845881">
        <ele>1565.1</ele>
      </trkpt>
      <trkpt lat="44.646949" lon="5.845567">
        <ele>1563.6</ele>
      </trkpt>
      <trkpt lat="44.646904" lon="5.845303">
        <ele>1560.1</ele>
      </trkpt>
      <trkpt lat="44.646842" lon="5.844765">
        <ele>1555.5</ele>
      </trkpt>
      <trkpt lat="44.646799" lon="5.844321">
        <ele>1550.8</ele>
      </trkpt>
      <trkpt lat="44.646756" lon="5.843877">
        <ele>1546.1</ele>
      </trkpt>
      <trkpt lat="44.646714" lon="5.843433">
        <ele>1541.3</ele>
      </trkpt>
      <trkpt lat="44.646818" lon="5.843110">
        <ele>1539.2</ele>
      </trkpt>
      <trkpt lat="44.646958" lon="5.842839">
        <ele>1538.0</ele>
      </trkpt>
      <trkpt lat="44.647073" lon="5.842526">
        <ele>1536.3</ele>
      </trkpt>
      <trkpt lat="44.646869" lon="5.842814">
        <ele>1534.8</ele>
      </trkpt>
      <trkpt lat="44.646660" lon="5.842958">
        <ele>1530.5</ele>
      </trkpt>
      <trkpt lat="44.646451" lon="5.843101">
        <ele>1525.5</ele>
      </trkpt>
      <trkpt lat="44.646310" lon="5.843330">
        <ele>1522.2</ele>
      </trkpt>
      <trkpt lat="44.646266" lon="5.843666">
        <ele>1519.3</ele>
      </trkpt>
      <trkpt lat="44.646216" lon="5.843822">
        <ele>1517.8</ele>
      </trkpt>
      <trkpt lat="44.646002" lon="5.844138">
        <ele>1513.4</ele>
      </trkpt>
      <trkpt lat="44.645788" lon="5.844454">
        <ele>1510.2</ele>
      </trkpt>
      <trkpt lat="44.645513" lon="5.844591">
        <ele>1506.1</ele>
      </trkpt>
      <trkpt lat="44.645238" lon="5.844728">
        <ele>1501.4</ele>
      </trkpt>
      <trkpt lat="44.645014" lon="5.845046">
        <ele>1498.9</ele>
      </trkpt>
      <trkpt lat="44.644795" lon="5.844787">
        <ele>1488.7</ele>
      </trkpt>
      <trkpt lat="44.644731" lon="5.844595">
        <ele>1484.8</ele>
      </trkpt>
      <trkpt lat="44.644585" lon="5.844454">
        <ele>1479.8</ele>
      </trkpt>
      <trkpt lat="44.644499" lon="5.844299">
        <ele>1476.5</ele>
      </trkpt>
      <trkpt lat="44.644248" lon="5.843868">
        <ele>1468.9</ele>
      </trkpt>
      <trkpt lat="44.644143" lon="5.843855">
        <ele>1466.6</ele>
      </trkpt>
      <trkpt lat="44.644087" lon="5.843809">
        <ele>1465.0</ele>
      </trkpt>
      <trkpt lat="44.644064" lon="5.843712">
        <ele>1463.9</ele>
      </trkpt>
      <trkpt lat="44.643979" lon="5.843515">
        <ele>1459.7</ele>
      </trkpt>
      <trkpt lat="44.643881" lon="5.843752">
        <ele>1458.3</ele>
      </trkpt>
      <trkpt lat="44.643842" lon="5.843615">
        <ele>1456.5</ele>
      </trkpt>
      <trkpt lat="44.643721" lon="5.843744">
        <ele>1453.0</ele>
      </trkpt>
      <trkpt lat="44.643683" lon="5.843681">
        <ele>1451.7</ele>
      </trkpt>
      <trkpt lat="44.643622" lon="5.843672">
        <ele>1449.7</ele>
      </trkpt>
      <trkpt lat="44.643565" lon="5.843504">
        <ele>1447.4</ele>
      </trkpt>
      <trkpt lat="44.643565" lon="5.843072">
        <ele>1441.8</ele>
      </trkpt>
      <trkpt lat="44.643492" lon="5.843149">
        <ele>1441.4</ele>
      </trkpt>
      <trkpt lat="44.643297" lon="5.843499">
        <ele>1438.1</ele>
      </trkpt>
      <trkpt lat="44.643183" lon="5.843476">
        <ele>1434.0</ele>
      </trkpt>
      <trkpt lat="44.643165" lon="5.843234">
        <ele>1431.9</ele>
      </trkpt>
      <trkpt lat="44.643211" lon="5.842721">
        <ele>1427.2</ele>
      </trkpt>
      <trkpt lat="44.643361" lon="5.842472">
        <ele>1424.2</ele>
      </trkpt>
      <trkpt lat="44.642940" lon="5.842440">
        <ele>1411.3</ele>
      </trkpt>
      <trkpt lat="44.642801" lon="5.842732">
        <ele>1409.1</ele>
      </trkpt>
      <trkpt lat="44.642662" lon="5.843024">
        <ele>1407.2</ele>
      </trkpt>
      <trkpt lat="44.642502" lon="5.843267">
        <ele>1405.0</ele>
      </trkpt>
      <trkpt lat="44.642341" lon="5.843509">
        <ele>1401.1</ele>
      </trkpt>
      <trkpt lat="44.642303" lon="5.843590">
        <ele>1398.7</ele>
      </trkpt>
      <trkpt lat="44.642305" lon="5.843772">
        <ele>1396.4</ele>
      </trkpt>
      <trkpt lat="44.642413" lon="5.844108">
        <ele>1398.8</ele>
      </trkpt>
      <trkpt lat="44.642289" lon="5.843941">
        <ele>1393.2</ele>
      </trkpt>
      <trkpt lat="44.642277" lon="5.844037">
        <ele>1391.6</ele>
      </trkpt>
      <trkpt lat="44.642305" lon="5.844440">
        <ele>1385.8</ele>
      </trkpt>
      <trkpt lat="44.642334" lon="5.844843">
        <ele>1385.6</ele>
      </trkpt>
      <trkpt lat="44.642276" lon="5.845131">
        <ele>1380.2</ele>
      </trkpt>
      <trkpt lat="44.642271" lon="5.845612">
        <ele>1379.7</ele>
      </trkpt>
      <trkpt lat="44.642043" lon="5.845742">
        <ele>1375.5</ele>
      </trkpt>
      <trkpt lat="44.641816" lon="5.845872">
        <ele>1368.6</ele>
      </trkpt>
      <trkpt lat="44.641671" lon="5.846412">
        <ele>1360.6</ele>
      </trkpt>
      <trkpt lat="44.641525" lon="5.846952">
        <ele>1355.0</ele>
      </trkpt>
      <trkpt lat="44.641380" lon="5.847492">
        <ele>1347.0</ele>
      </trkpt>
      <trkpt lat="44.641263" lon="5.846908">
        <ele>1336.7</ele>
      </trkpt>
      <trkpt lat="44.641146" lon="5.846324">
        <ele>1331.4</ele>
      </trkpt>
      <trkpt lat="44.640958" lon="5.846153">
        <ele>1327.3</ele>
      </trkpt>
      <trkpt lat="44.640686" lon="5.846141">
        <ele>1320.4</ele>
      </trkpt>
      <trkpt lat="44.640854" lon="5.846429">
        <ele>1316.9</ele>
      </trkpt>
      <trkpt lat="44.640911" lon="5.846585">
        <ele>1316.1</ele>
      </trkpt>
      <trkpt lat="44.640857" lon="5.847153">
        <ele>1308.9</ele>
      </trkpt>
      <trkpt lat="44.640764" lon="5.847514">
        <ele>1303.3</ele>
      </trkpt>
      <trkpt lat="44.640670" lon="5.847876">
        <ele>1298.6</ele>
      </trkpt>
      <trkpt lat="44.640626" lon="5.847832">
        <ele>1294.8</ele>
      </trkpt>
      <trkpt lat="44.640614" lon="5.847524">
        <ele>1293.2</ele>
      </trkpt>
      <trkpt lat="44.640564" lon="5.847356">
        <ele>1289.6</ele>
      </trkpt>
      <trkpt lat="44.640479" lon="5.847030">
        <ele>1285.6</ele>
      </trkpt>
      <trkpt lat="44.640334" lon="5.846896">
        <ele>1281.6</ele>
      </trkpt>
      <trkpt lat="44.640347" lon="5.846978">
        <ele>1280.0</ele>
      </trkpt>
      <trkpt lat="44.640386" lon="5.847117">
        <ele>1279.5</ele>
      </trkpt>
      <trkpt lat="44.640203" lon="5.847526">
        <ele>1270.1</ele>
      </trkpt>
      <trkpt lat="44.640152" lon="5.847875">
        <ele>1266.9</ele>
      </trkpt>
      <trkpt lat="44.639998" lon="5.847649">
        <ele>1258.9</ele>
      </trkpt>
      <trkpt lat="44.639913" lon="5.847700">
        <ele>1254.3</ele>
      </trkpt>
      <trkpt lat="44.639958" lon="5.848220">
        <ele>1253.7</ele>
      </trkpt>
      <trkpt lat="44.639917" lon="5.848296">
        <ele>1250.7</ele>
      </trkpt>
      <trkpt lat="44.639961" lon="5.848666">
        <ele>1248.8</ele>
      </trkpt>
      <trkpt lat="44.639919" lon="5.848812">
        <ele>1245.3</ele>
      </trkpt>
      <trkpt lat="44.639853" lon="5.848857">
        <ele>1242.1</ele>
      </trkpt>
      <trkpt lat="44.639863" lon="5.848884">
        <ele>1242.1</ele>
      </trkpt>
    </trkseg>
  </trk>
</gpx>